Workbook

Sheet Read Me
A1: ضماناتي (Damanaty) — PMO Workbook — Read Me
B4: Prepared for: | C4: CEO · Investors · Project Manager · Development Team · Product Owner
B5: Report date basis: | C5: 2026-07-26 (=TODAY() in formulas; all overdue/health/weekly figures move automatically)
B7: Color Legend
B8: Blue text | C8: Editable input cell — safe to type over (Status, dates, owner, notes, etc.)
B9: Black text | C9: Automatic formula — do not overwrite
C10: Status = Completed
C11: Status = In Progress (Design / Development / Testing / Review)
C12: Status = Planning
C13: Status = Blocked
C14: Priority / Risk = Critical, or task is Overdue
C15: Status = Not Started / Cancelled
B17: Sheet Guide
B18: Executive Dashboard | C18: KPIs, project health traffic light, and 6 live charts. Everything here recalculates from Master Task List.
B19: Master Task List | C19: Single source of truth — one row per task. Progress %, Duration, Remaining Days compute automatically from Status/dates.
B20: Completed Work | C20: Auto-filtered view of Completed tasks. Only 'Lessons Learned' is manually editable.
B21: Remaining Work | C21: Auto-filtered view of Not Started / Planning / Blocked tasks.
B22: Timeline | C22: Weekly Gantt chart. Bars are conditional-formatting driven from Start/End Date + Status/Priority; today's week is highlighted; milestones show as ◆.
B23: Milestones | C23: Key delivery milestones. Status and Progress are formula-derived from related module tasks.
B24: Risk Register | C24: Risk log with Severity = Probability × Impact (color-scaled).
B25: Team Progress | C25: Per-person workload and productivity, computed from Master Task List.
B26: Weekly Report | C26: Auto-summarized weekly snapshot: completed/started/overdue/critical, upcoming milestones, top risks.
B27: Roadmap | C27: Modules grouped by planned quarter with formula-driven progress bars.
B29: Assumptions & Notes
B30: • | C30: No real project data (tasks, dates, owners, budget) was supplied for Damanaty. All 90 tasks across the 30 requested modules are realistic illustrative content generated to demonstrate the template — replace with actual project data before use.
B31: • | C31: Budget Status on the Dashboard is a placeholder; no financial figures were provided.
B32: • | C32: Progress % is automatic: it is looked up from Status via the hidden Lists sheet. To change a task's progress, change its Status — do not type over the Progress % cell.
B33: • | C33: 'Pending' / Remaining Work = Not Started + Planning + Blocked statuses (Cancelled tasks are excluded from all counts and averages).
B34: • | C34: Formulas are pre-built with headroom through row 600 on Master Task List (and matching headroom on dependent sheets) so new tasks can be typed in directly — for growth beyond that, copy the last row's formula cells down.
B35: • | C35: Timeline granularity is weekly (Monday-start buckets) to keep the sheet a manageable size for a multi-year plan; exact day counts are shown in the Duration column of Master Task List and Timeline.
B36: • | C36: Dependency values are informational Task ID references (e.g. DMT-014) — they are not enforced by scheduling formulas.

Sheet Executive Dashboard
A1: ضماناتي (Damanaty) — Executive Dashboard
A3: =CONCATENATE("Report Date: ",TEXT(TODAY(),"yyyy-mm-dd")," | Project Health: ",_xlfn.IFS($C$18>0.15,"Red - At Risk",$C$18>0.05,"Yellow - Caution",TRUE(),"Green - On Track")) -> Report Date: 2026-07-26 | Project Health: Red - At Risk
A5: OVERALL PROGRESS | C5: COMPLETED TASKS | E5: IN PROGRESS | G5: PENDING TASKS | I5: OVERDUE TASKS | K5: CRITICAL TASKS
A6: =IFERROR(AVERAGE('Master Task List'!$J$2:$J$600),0) -> 0.34277778 | C6: =COUNTIF('Master Task List'!$I:$I,"Completed") -> 16 | E6: =COUNTIF('Master Task List'!$I:$I,"Design")+COUNTIF('Master Task List'!$I:$I,"Development")+COUNTIF('Master Task List'!$I:$I,"Testing")+COUNTIF('Master Task List'!$I:$I,"Review") -> 23 | G6: =COUNTIF('Master Task List'!$I:$I,"Not Started")+COUNTIF('Master Task List'!$I:$I,"Planning")+COUNTIF('Master Task List'!$I:$I,"Blocked") -> 50 | I6: =SUM('Master Task List'!$S$2:$S$600) -> 12 | K6: =COUNTIFS('Master Task List'!$F:$F,"Critical",'Master Task List'!$I:$I,"<>Completed",'Master Task List'!$I:$I,"<>Cancelled") -> 4
A10: UPCOMING MILESTONES (30D) | D10: PROJECT HEALTH | G10: BUDGET STATUS | J10: EXPECTED COMPLETION
A11: =COUNTIFS(Milestones!$C:$C,">="&TODAY(),Milestones!$C:$C,"<="&TODAY()+30,Milestones!$D:$D,"<>Completed") -> 1 | D11: =_xlfn.IFS($C$18>0.15,"🔴 At Risk",$C$18>0.05,"🟡 Caution",TRUE(),"🟢 On Track") -> 🔴 At Risk | G11: On Budget (placeholder) | J11: =MAX(Milestones!$C:$C) -> 46451
B18: OverdueRatio (helper): | C18: =IFERROR(SUM('Master Task List'!$S$2:$S$600)/COUNTIFS('Master Task List'!$I:$I,"<>Completed",'Master Task List'!$I:$I,"<>Cancelled",'Master Task List'!$A:$A,"<>"),0) -> 0.16216216
A20: =CONCATENATE("Project: ضماناتي (Damanaty) | Total Tasks: ",COUNTIF('Master Task List'!$A:$A,"DMT-*")," legend: blue text = editable input cells") -> Project: ضماناتي (Damanaty) | Total Tasks: 90 legend: blue text = editable input cells

Sheet Master Task List
A1: Task ID | B1: Module | C1: Feature | D1: Task | E1: Description | F1: Priority | G1: Owner | H1: Department | I1: Status | J1: Progress % | K1: Start Date | L1: End Date | M1: Actual Finish | N1: Duration (Days) | O1: Remaining Days | P1: Dependency | Q1: Risk Level | R1: Notes | S1: Overdue? | T1: CompletedRowKey | U1: RemainingRowKey | V1: ThisWeekCompletedKey | W1: CriticalOpenKey | X1: ThisWeekStartedKey | Y1: Upcoming7Key
A2: DMT-001 | B2: Project Planning | C2: خطة المشروع | D2: إعداد ميثاق المشروع | E2: صياغة ميثاق المشروع وتحديد الأهداف والنطاق والمخرجات الرئيسية | F2: Low | G2: سارة العتيبي | H2: PMO | I2: Completed | J2: =IF($A2="","",IFERROR(INDEX(Lists!$B$2:$B$10,MATCH($I2,Lists!$A$2:$A$10,0)),"")) -> 1 | K2: 46027 | L2: 46036 | M2: 46034 | N2: =IF($A2="","",$L2-$K2+1) -> 10 | O2: =IF($A2="","",IF(OR($I2="Completed",$I2="Cancelled"),0,$L2-TODAY())) -> 0 | Q2: Low | S2: =IF($A2="","",IF(AND($O2<0,$I2<>"Completed",$I2<>"Cancelled"),1,0)) -> 0 | T2: =IF($A2="","",IF($I2="Completed",ROW(),"")) -> 2 | U2: =IF($A2="","",IF(OR($I2="Not Started",$I2="Planning",$I2="Blocked"),ROW(),""))
A3: DMT-002 | B3: Project Planning | C3: خطة المشروع | D3: بناء خطة العمل الزمنية | E3: إعداد الجدول الزمني الرئيسي وتوزيع المراحل على الفرق | F3: Medium | G3: سارة العتيبي | H3: PMO | I3: Completed | J3: =IF($A3="","",IFERROR(INDEX(Lists!$B$2:$B$10,MATCH($I3,Lists!$A$2:$A$10,0)),"")) -> 1 | K3: 46037 | L3: 46046 | M3: 46049 | N3: =IF($A3="","",$L3-$K3+1) -> 10 | O3: =IF($A3="","",IF(OR($I3="Completed",$I3="Cancelled"),0,$L3-TODAY())) -> 0 | P3: DMT-001 | Q3: Low | S3: =IF($A3="","",IF(AND($O3<0,$I3<>"Completed",$I3<>"Cancelled"),1,0)) -> 0 | T3: =IF($A3="","",IF($I3="Completed",ROW(),"")) -> 3 | U3: =IF($A3="","",IF(OR($I3="Not Started",$I3="Planning",$I3="Blocked"),ROW(),""))
A4: DMT-003 | B4: Project Planning | C4: إدارة الموارد | D4: تخصيص فريق العمل | E4: تحديد أدوار الفريق ومسؤولياته وتخصيص الموارد لكل وحدة | F4: Medium | G4: سارة العتيبي | H4: PMO | I4: Completed | J4: =IF($A4="","",IFERROR(INDEX(Lists!$B$2:$B$10,MATCH($I4,Lists!$A$2:$A$10,0)),"")) -> 1 | K4: 46047 | L4: 46056 | M4: 46054 | N4: =IF($A4="","",$L4-$K4+1) -> 10 | O4: =IF($A4="","",IF(OR($I4="Completed",$I4="Cancelled"),0,$L4-TODAY())) -> 0 | P4: DMT-002 | Q4: Low | S4: =IF($A4="","",IF(AND($O4<0,$I4<>"Completed",$I4<>"Cancelled"),1,0)) -> 0 | T4: =IF($A4="","",IF($I4="Completed",ROW(),"")) -> 4 | U4: =IF($A4="","",IF(OR($I4="Not Started",$I4="Planning",$I4="Blocked"),ROW(),""))
A5: DMT-004 | B5: Business Analysis | C5: متطلبات العمل | D5: جمع متطلبات الضمانات | E5: مقابلة أصحاب المصلحة وتوثيق متطلبات إدارة الضمانات | F5: Low | G5: محمد القحطاني | H5: Business Analysis | I5: Completed | J5: =IF($A5="","",IFERROR(INDEX(Lists!$B$2:$B$10,MATCH($I5,Lists!$A$2:$A$10,0)),"")) -> 1 | K5: 46042 | L5: 46056 | M5: 46054 | N5: =IF($A5="","",$L5-$K5+1) -> 15 | O5: =IF($A5="","",IF(OR($I5="Completed",$I5="Cancelled"),0,$L5-TODAY())) -> 0 | P5: DMT-001 | Q5: Low | S5: =IF($A5="","",IF(AND($O5<0,$I5<>"Completed",$I5<>"Cancelled"),1,0)) -> 0 | T5: =IF($A5="","",IF($I5="Completed",ROW(),"")) -> 5 | U5: =IF($A5="","",IF(OR($I5="Not Started",$I5="Planning",$I5="Blocked"),ROW(),""))
A6: DMT-005 | B6: Business Analysis | C6: متطلبات العمل | D6: تحليل نموذج العمل | E6: دراسة نموذج الإيرادات والمستخدمين المستهدفين للتطبيق | F6: Medium | G6: محمد القحطاني | H6: Business Analysis | I6: Completed | J6: =IF($A6="","",IFERROR(INDEX(Lists!$B$2:$B$10,MATCH($I6,Lists!$A$2:$A$10,0)),"")) -> 1 | K6: 46057 | L6: 46072 | M6: 46075 | N6: =IF($A6="","",$L6-$K6+1) -> 16 | O6: =IF($A6="","",IF(OR($I6="Completed",$I6="Cancelled"),0,$L6-TODAY())) -> 0 | P6: DMT-004 | Q6: Low | S6: =IF($A6="","",IF(AND($O6<0,$I6<>"Completed",$I6<>"Cancelled"),1,0)) -> 0 | T6: =IF($A6="","",IF($I6="Completed",ROW(),"")) -> 6 | U6: =IF($A6="","",IF(OR($I6="Not Started",$I6="Planning",$I6="Blocked"),ROW(),""))
A7: DMT-006 | B7: Business Analysis | C7: توثيق المتطلبات | D7: إعداد وثيقة المتطلبات (BRD) | E7: توثيق متطلبات العمل الشاملة ومراجعتها مع الإدارة | F7: Medium | G7: محمد القحطاني | H7: Business Analysis | I7: Completed | J7: =IF($A7="","",IFERROR(INDEX(Lists!$B$2:$B$10,MATCH($I7,Lists!$A$2:$A$10,0)),"")) -> 1 | K7: 46073 | L7: 46087 | M7: 46085 | N7: =IF($A7="","",$L7-$K7+1) -> 15 | O7: =IF($A7="","",IF(OR($I7="Completed",$I7="Cancelled"),0,$L7-TODAY())) -> 0 | P7: DMT-005 | Q7: Low | S7: =IF($A7="","",IF(AND($O7<0,$I7<>"Completed",$I7<>"Cancelled"),1,0)) -> 0 | T7: =IF($A7="","",IF($I7="Completed",ROW(),"")) -> 7 | U7: =IF($A7="","",IF(OR($I7="Not Started",$I7="Planning",$I7="Blocked"),ROW(),""))
A8: DMT-007 | B8: UI/UX Design | C8: تجربة المستخدم | D8: بناء خرائط تدفق المستخدم | E8: تصميم مسارات المستخدم الرئيسية داخل التطبيق والموقع | F8: Medium | G8: نورة الدوسري | H8: Design | I8: Completed | J8: =IF($A8="","",IFERROR(INDEX(Lists!$B$2:$B$10,MATCH($I8,Lists!$A$2:$A$10,0)),"")) -> 1 | K8: 46073 | L8: 46092 | M8: 46090 | N8: =IF($A8="","",$L8-$K8+1) -> 20 | O8: =IF($A8="","",IF(OR($I8="Completed",$I8="Cancelled"),0,$L8-TODAY())) -> 0 | P8: DMT-004 | Q8: Low | S8: =IF($A8="","",IF(AND($O8<0,$I8<>"Completed",$I8<>"Cancelled"),1,0)) -> 0 | T8: =IF($A8="","",IF($I8="Completed",ROW(),"")) -> 8 | U8: =IF($A8="","",IF(OR($I8="Not Started",$I8="Planning",$I8="Blocked"),ROW(),""))
A9: DMT-008 | B9: UI/UX Design | C9: واجهة المستخدم | D9: تصميم نظام التصميم (Design System) | E9: بناء مكتبة المكونات والألوان والخطوط الموحدة | F9: Medium | G9: نورة الدوسري | H9: Design | I9: Completed | J9: =IF($A9="","",IFERROR(INDEX(Lists!$B$2:$B$10,MATCH($I9,Lists!$A$2:$A$10,0)),"")) -> 1 | K9: 46093 | L9: 46112 | M9: 46115 | N9: =IF($A9="","",$L9-$K9+1) -> 20 | O9: =IF($A9="","",IF(OR($I9="Completed",$I9="Cancelled"),0,$L9-TODAY())) -> 0 | P9: DMT-007 | Q9: Low | S9: =IF($A9="","",IF(AND($O9<0,$I9<>"Completed",$I9<>"Cancelled"),1,0)) -> 0 | T9: =IF($A9="","",IF($I9="Completed",ROW(),"")) -> 9 | U9: =IF($A9="","",IF(OR($I9="Not Started",$I9="Planning",$I9="Blocked"),ROW(),""))
A10: DMT-009 | B10: UI/UX Design | C10: النماذج الأولية | D10: تصميم النماذج التفاعلية (Prototype) | E10: إعداد نماذج Figma قابلة للاختبار مع المستخدمين | F10: Medium | G10: نورة الدوسري | H10: Design | I10: Completed | J10: =IF($A10="","",IFERROR(INDEX(Lists!$B$2:$B$10,MATCH($I10,Lists!$A$2:$A$10,0)),"")) -> 1 | K10: 46113 | L10: 46132 | M10: 46130 | N10: =IF($A10="","",$L10-$K10+1) -> 20 | O10: =IF($A10="","",IF(OR($I10="Completed",$I10="Cancelled"),0,$L10-TODAY())) -> 0 | P10: DMT-008 | Q10: Low | S10: =IF($A10="","",IF(AND($O10<0,$I10<>"Completed",$I10<>"Cancelled"),1,0)) -> 0 | T10: =IF($A10="","",IF($I10="Completed",ROW(),"")) -> 10 | U10: =IF($A10="","",IF(OR($I10="Not Started",$I10="Planning",$I10="Blocked"),ROW(),""))
A11: DMT-010 | B11: Branding | C11: الهوية البصرية | D11: تصميم الشعار وتصميم الهوية | E11: تصميم شعار ضماناتي ودليل الهوية البصرية الكامل | F11: Low | G11: عبدالله الشمري | H11: Design | I11: Completed | J11: =IF($A11="","",IFERROR(INDEX(Lists!$B$2:$B$10,MATCH($I11,Lists!$A$2:$A$10,0)),"")) -> 1 | K11: 46073 | L11: 46087 | M11: 46085 | N11: =IF($A11="","",$L11-$K11+1) -> 15 | O11: =IF($A11="","",IF(OR($I11="Completed",$I11="Cancelled"),0,$L11-TODAY())) -> 0 | P11: DMT-004 | Q11: Low | S11: =IF($A11="","",IF(AND($O11<0,$I11<>"Completed",$I11<>"Cancelled"),1,0)) -> 0 | T11: =IF($A11="","",IF($I11="Completed",ROW(),"")) -> 11 | U11: =IF($A11="","",IF(OR($I11="Not Started",$I11="Planning",$I11="Blocked"),ROW(),""))
A12: DMT-011 | B12: Branding | C12: الهوية البصرية | D12: تطوير دليل العلامة التجارية | E12: إعداد دليل استخدام الشعار والألوان لجميع المنصات | F12: Medium | G12: عبدالله الشمري | H12: Design | I12: Completed | J12: =IF($A12="","",IFERROR(INDEX(Lists!$B$2:$B$10,MATCH($I12,Lists!$A$2:$A$10,0)),"")) -> 1 | K12: 46088 | L12: 46102 | M12: 46105 | N12: =IF($A12="","",$L12-$K12+1) -> 15 | O12: =IF($A12="","",IF(OR($I12="Completed",$I12="Cancelled"),0,$L12-TODAY())) -> 0 | P12: DMT-010 | Q12: Low | S12: =IF($A12="","",IF(AND($O12<0,$I12<>"Completed",$I12<>"Cancelled"),1,0)) -> 0 | T12: =IF($A12="","",IF($I12="Completed",ROW(),"")) -> 12 | U12: =IF($A12="","",IF(OR($I12="Not Started",$I12="Planning",$I12="Blocked"),ROW(),""))
A13: DMT-012 | B13: Branding | C13: التسويق | D13: تصميم مواد تسويقية أولية | E13: تصميم القوالب التسويقية لوسائل التواصل الاجتماعي | F13: Medium | G13: عبدالله الشمري | H13: Design | I13: Completed | J13: =IF($A13="","",IFERROR(INDEX(Lists!$B$2:$B$10,MATCH($I13,Lists!$A$2:$A$10,0)),"")) -> 1 | K13: 46103 | L13: 46117 | M13: 46115 | N13: =IF($A13="","",$L13-$K13+1) -> 15 | O13: =IF($A13="","",IF(OR($I13="Completed",$I13="Cancelled"),0,$L13-TODAY())) -> 0 | P13: DMT-011 | Q13: Low | S13: =IF($A13="","",IF(AND($O13<0,$I13<>"Completed",$I13<>"Cancelled"),1,0)) -> 0 | T13: =IF($A13="","",IF($I13="Completed",ROW(),"")) -> 13 | U13: =IF($A13="","",IF(OR($I13="Not Started",$I13="Planning",$I13="Blocked"),ROW(),""))
A14: DMT-013 | B14: Mobile App | C14: تطبيق الجوال | D14: إعداد بنية تطبيق iOS/Android | E14: إعداد المشروع الأساسي والبنية المعمارية للتطبيق | F14: Medium | G14: فيصل المطيري | H14: Engineering | I14: Testing | J14: =IF($A14="","",IFERROR(INDEX(Lists!$B$2:$B$10,MATCH($I14,Lists!$A$2:$A$10,0)),"")) -> 0.75 | K14: 46118 | L14: 46168 | N14: =IF($A14="","",$L14-$K14+1) -> 51 | O14: =IF($A14="","",IF(OR($I14="Completed",$I14="Cancelled"),0,$L14-TODAY())) -> -61 | P14: DMT-007 | Q14: Medium | S14: =IF($A14="","",IF(AND($O14<0,$I14<>"Completed",$I14<>"Cancelled"),1,0)) -> 1 | T14: =IF($A14="","",IF($I14="Completed",ROW(),"")) | U14: =IF($A14="","",IF(OR($I14="Not Started",$I14="Planning",$I14="Blocked"),ROW(),""))
A15: DMT-014 | B15: Mobile App | C15: تطبيق الجوال | D15: تطوير الشاشات الرئيسية | E15: بناء شاشات لوحة التحكم والملف الشخصي والإشعارات | F15: Medium | G15: فيصل المطيري | H15: Engineering | I15: Testing | J15: =IF($A15="","",IFERROR(INDEX(Lists!$B$2:$B$10,MATCH($I15,Lists!$A$2:$A$10,0)),"")) -> 0.75 | K15: 46169 | L15: 46218 | N15: =IF($A15="","",$L15-$K15+1) -> 50 | O15: =IF($A15="","",IF(OR($I15="Completed",$I15="Cancelled"),0,$L15-TODAY())) -> -11 | P15: DMT-013 | Q15: Medium | S15: =IF($A15="","",IF(AND($O15<0,$I15<>"Completed",$I15<>"Cancelled"),1,0)) -> 1 | T15: =IF($A15="","",IF($I15="Completed",ROW(),"")) | U15: =IF($A15="","",IF(OR($I15="Not Started",$I15="Planning",$I15="Blocked"),ROW(),""))
A16: DMT-015 | B16: Mobile App | C16: تطبيق الجوال | D16: دمج بوابات الدفع | E16: ربط تطبيق الجوال ببوابات الدفع المحلية | F16: Medium | G16: فيصل المطيري | H16: Engineering | I16: Development | J16: =IF($A16="","",IFERROR(INDEX(Lists!$B$2:$B$10,MATCH($I16,Lists!$A$2:$A$10,0)),"")) -> 0.55 | K16: 46219 | L16: 46269 | N16: =IF($A16="","",$L16-$K16+1) -> 51 | O16: =IF($A16="","",IF(OR($I16="Completed",$I16="Cancelled"),0,$L16-TODAY())) -> 40 | P16: DMT-014 | Q16: Medium | S16: =IF($A16="","",IF(AND($O16<0,$I16<>"Completed",$I16<>"Cancelled"),1,0)) -> 0 | T16: =IF($A16="","",IF($I16="Completed",ROW(),"")) | U16: =IF($A16="","",IF(OR($I16="Not Started",$I16="Planning",$I16="Blocked"),ROW(),""))
A17: DMT-016 | B17: Web Dashboard | C17: لوحة الويب | D17: إعداد بنية الواجهة الأمامية | E17: إعداد مشروع React وبنية المكونات المشتركة | F17: Medium | G17: ريم الحربي | H17: Engineering | I17: Testing | J17: =IF($A17="","",IFERROR(INDEX(Lists!$B$2:$B$10,MATCH($I17,Lists!$A$2:$A$10,0)),"")) -> 0.75 | K17: 46133 | L17: 46178 | N17: =IF($A17="","",$L17-$K17+1) -> 46 | O17: =IF($A17="","",IF(OR($I17="Completed",$I17="Cancelled"),0,$L17-TODAY())) -> -51 | P17: DMT-007 | Q17: Medium | S17: =IF($A17="","",IF(AND($O17<0,$I17<>"Completed",$I17<>"Cancelled"),1,0)) -> 1 | T17: =IF($A17="","",IF($I17="Completed",ROW(),"")) | U17: =IF($A17="","",IF(OR($I17="Not Started",$I17="Planning",$I17="Blocked"),ROW(),""))
A18: DMT-017 | B18: Web Dashboard | C18: لوحة الويب | D18: تطوير لوحة التحكم الرئيسية | E18: بناء الصفحة الرئيسية للوحة التحكم وعرض الإحصائيات | F18: Medium | G18: ريم الحربي | H18: Engineering | I18: Testing | J18: =IF($A18="","",IFERROR(INDEX(Lists!$B$2:$B$10,MATCH($I18,Lists!$A$2:$A$10,0)),"")) -> 0.75 | K18: 46179 | L18: 46223 | N18: =IF($A18="","",$L18-$K18+1) -> 45 | O18: =IF($A18="","",IF(OR($I18="Completed",$I18="Cancelled"),0,$L18-TODAY())) -> -6 | P18: DMT-016 | Q18: Medium | S18: =IF($A18="","",IF(AND($O18<0,$I18<>"Completed",$I18<>"Cancelled"),1,0)) -> 1 | T18: =IF($A18="","",IF($I18="Completed",ROW(),"")) | U18: =IF($A18="","",IF(OR($I18="Not Started",$I18="Planning",$I18="Blocked"),ROW(),""))
A19: DMT-018 | B19: Web Dashboard | C19: لوحة الويب | D19: تطوير صفحات إدارة الضمانات | E19: بناء واجهات عرض وتعديل الضمانات على الويب | F19: Medium | G19: ريم الحربي | H19: Engineering | I19: Development | J19: =IF($A19="","",IFERROR(INDEX(Lists!$B$2:$B$10,MATCH($I19,Lists!$A$2:$A$10,0)),"")) -> 0.55 | K19: 46224 | L19: 46269 | N19: =IF($A19="","",$L19-$K19+1) -> 46 | O19: =IF($A19="","",IF(OR($I19="Completed",$I19="Cancelled"),0,$L19-TODAY())) -> 40 | P19: DMT-017 | Q19: Medium | S19: =IF($A19="","",IF(AND($O19<0,$I19<>"Completed",$I19<>"Cancelled"),1,0)) -> 0 | T19: =IF($A19="","",IF($I19="Completed",ROW(),"")) | U19: =IF($A19="","",IF(OR($I19="Not Started",$I19="Planning",$I19="Blocked"),ROW(),""))
A20: DMT-019 | B20: Authentication | C20: المصادقة | D20: تطوير تسجيل الدخول وكلمة المرور | E20: بناء نظام تسجيل الدخول الآمن مع التحقق من كلمة المرور | F20: High | G20: خالد الغامدي | H20: Engineering | I20: Completed | J20: =IF($A20="","",IFERROR(INDEX(Lists!$B$2:$B$10,MATCH($I20,Lists!$A$2:$A$10,0)),"")) -> 1 | K20: 46118 | L20: 46137 | M20: 46135 | N20: =IF($A20="","",$L20-$K20+1) -> 20 | O20: =IF($A20="","",IF(OR($I20="Completed",$I20="Cancelled"),0,$L20-TODAY())) -> 0 | P20: DMT-016 | Q20: Low | S20: =IF($A20="","",IF(AND($O20<0,$I20<>"Completed",$I20<>"Cancelled"),1,0)) -> 0 | T20: =IF($A20="","",IF($I20="Completed",ROW(),"")) -> 20 | U20: =IF($A20="","",IF(OR($I20="Not Started",$I20="Planning",$I20="Blocked"),ROW(),""))
A21: DMT-020 | B21: Authentication | C21: المصادقة | D21: دمج المصادقة الثنائية (OTP) | E21: إضافة التحقق عبر رسائل SMS ورمز OTP | F21: High | G21: خالد الغامدي | H21: Engineering | I21: Completed | J21: =IF($A21="","",IFERROR(INDEX(Lists!$B$2:$B$10,MATCH($I21,Lists!$A$2:$A$10,0)),"")) -> 1 | K21: 46138 | L21: 46158 | M21: 46161 | N21: =IF($A21="","",$L21-$K21+1) -> 21 | O21: =IF($A21="","",IF(OR($I21="Completed",$I21="Cancelled"),0,$L21-TODAY())) -> 0 | P21: DMT-019 | Q21: Low | S21: =IF($A21="","",IF(AND($O21<0,$I21<>"Completed",$I21<>"Cancelled"),1,0)) -> 0 | T21: =IF($A21="","",IF($I21="Completed",ROW(),"")) -> 21 | U21: =IF($A21="","",IF(OR($I21="Not Started",$I21="Planning",$I21="Blocked"),ROW(),""))
A22: DMT-021 | B22: Authentication | C22: المصادقة | D22: دمج تسجيل الدخول الموحد (SSO/نفاذ) | E22: ربط النظام مع منصة نفاذ الوطنية للهوية الرقمية | F22: High | G22: خالد الغامدي | H22: Engineering | I22: Completed | J22: =IF($A22="","",IFERROR(INDEX(Lists!$B$2:$B$10,MATCH($I22,Lists!$A$2:$A$10,0)),"")) -> 1 | K22: 46159 | L22: 46178 | M22: 46176 | N22: =IF($A22="","",$L22-$K22+1) -> 20 | O22: =IF($A22="","",IF(OR($I22="Completed",$I22="Cancelled"),0,$L22-TODAY())) -> 0 | P22: DMT-020 | Q22: Low | S22: =IF($A22="","",IF(AND($O22<0,$I22<>"Completed",$I22<>"Cancelled"),1,0)) -> 0 | T22: =IF($A22="","",IF($I22="Completed",ROW(),"")) -> 22 | U22: =IF($A22="","",IF(OR($I22="Not Started",$I22="Planning",$I22="Blocked"),ROW(),""))
A23: DMT-022 | B23: User Management | C23: إدارة المستخدمين | D23: بناء نظام الأدوار والصلاحيات | E23: تصميم نظام RBAC لإدارة صلاحيات المستخدمين | F23: Medium | G23: لمياء العنزي | H23: Engineering | I23: Completed | J23: =IF($A23="","",IFERROR(INDEX(Lists!$B$2:$B$10,MATCH($I23,Lists!$A$2:$A$10,0)),"")) -> 1 | K23: 46149 | L23: 46173 | M23: 46171 | N23: =IF($A23="","",$L23-$K23+1) -> 25 | O23: =IF($A23="","",IF(OR($I23="Completed",$I23="Cancelled"),0,$L23-TODAY())) -> 0 | P23: DMT-019 | Q23: Low | S23: =IF($A23="","",IF(AND($O23<0,$I23<>"Completed",$I23<>"Cancelled"),1,0)) -> 0 | T23: =IF($A23="","",IF($I23="Completed",ROW(),"")) -> 23 | U23: =IF($A23="","",IF(OR($I23="Not Started",$I23="Planning",$I23="Blocked"),ROW(),""))
A24: DMT-023 | B24: User Management | C24: إدارة المستخدمين | D24: تطوير الملف الشخصي للمستخدم | E24: بناء صفحة الملف الشخصي وتحديث البيانات | F24: Medium | G24: لمياء العنزي | H24: Engineering | I24: Review | J24: =IF($A24="","",IFERROR(INDEX(Lists!$B$2:$B$10,MATCH($I24,Lists!$A$2:$A$10,0)),"")) -> 0.9 | K24: 46174 | L24: 46199 | N24: =IF($A24="","",$L24-$K24+1) -> 26 | O24: =IF($A24="","",IF(OR($I24="Completed",$I24="Cancelled"),0,$L24-TODAY())) -> -30 | P24: DMT-022 | Q24: Medium | S24: =IF($A24="","",IF(AND($O24<0,$I24<>"Completed",$I24<>"Cancelled"),1,0)) -> 1 | T24: =IF($A24="","",IF($I24="Completed",ROW(),"")) | U24: =IF($A24="","",IF(OR($I24="Not Started",$I24="Planning",$I24="Blocked"),ROW(),""))
A25: DMT-024 | B25: User Management | C25: إدارة المستخدمين | D25: إدارة حسابات الشركات | E25: دعم الحسابات المؤسسية متعددة المستخدمين | F25: Medium | G25: لمياء العنزي | H25: Engineering | I25: Testing | J25: =IF($A25="","",IFERROR(INDEX(Lists!$B$2:$B$10,MATCH($I25,Lists!$A$2:$A$10,0)),"")) -> 0.75 | K25: 46200 | L25: 46224 | N25: =IF($A25="","",$L25-$K25+1) -> 25 | O25: =IF($A25="","",IF(OR($I25="Completed",$I25="Cancelled"),0,$L25-TODAY())) -> -5 | P25: DMT-023 | Q25: Medium | S25: =IF($A25="","",IF(AND($O25<0,$I25<>"Completed",$I25<>"Cancelled"),1,0)) -> 1 | T25: =IF($A25="","",IF($I25="Completed",ROW(),"")) | U25: =IF($A25="","",IF(OR($I25="Not Started",$I25="Planning",$I25="Blocked"),ROW(),""))
A26: DMT-025 | B26: Guarantee Management | C26: إدارة الضمانات | D26: تصميم قاعدة بيانات الضمانات | E26: تصميم نموذج البيانات الخاص بأنواع الضمانات وحالاتها | F26: Critical | G26: خالد الغامدي | H26: Engineering | I26: Testing | J26: =IF($A26="","",IFERROR(INDEX(Lists!$B$2:$B$10,MATCH($I26,Lists!$A$2:$A$10,0)),"")) -> 0.75 | K26: 46164 | L26: 46193 | N26: =IF($A26="","",$L26-$K26+1) -> 30 | O26: =IF($A26="","",IF(OR($I26="Completed",$I26="Cancelled"),0,$L26-TODAY())) -> -36 | P26: DMT-022 | Q26: Critical | S26: =IF($A26="","",IF(AND($O26<0,$I26<>"Completed",$I26<>"Cancelled"),1,0)) -> 1 | T26: =IF($A26="","",IF($I26="Completed",ROW(),"")) | U26: =IF($A26="","",IF(OR($I26="Not Started",$I26="Planning",$I26="Blocked"),ROW(),""))
A27: DMT-026 | B27: Guarantee Management | C27: إدارة الضمانات | D27: تطوير محرك إدارة دورة حياة الضمان | E27: بناء منطق الأعمال لحالات الضمان من الإنشاء إلى الإغلاق | F27: High | G27: خالد الغامدي | H27: Engineering | I27: Testing | J27: =IF($A27="","",IFERROR(INDEX(Lists!$B$2:$B$10,MATCH($I27,Lists!$A$2:$A$10,0)),"")) -> 0.75 | K27: 46194 | L27: 46224 | N27: =IF($A27="","",$L27-$K27+1) -> 31 | O27: =IF($A27="","",IF(OR($I27="Completed",$I27="Cancelled"),0,$L27-TODAY())) -> -5 | P27: DMT-025 | Q27: Critical | S27: =IF($A27="","",IF(AND($O27<0,$I27<>"Completed",$I27<>"Cancelled"),1,0)) -> 1 | T27: =IF($A27="","",IF($I27="Completed",ROW(),"")) | U27: =IF($A27="","",IF(OR($I27="Not Started",$I27="Planning",$I27="Blocked"),ROW(),""))
A28: DMT-027 | B28: Guarantee Management | C28: إدارة الضمانات | D28: تطوير واجهة إدارة الضمانات للمشرفين | E28: بناء أدوات إدارية لمراجعة وتعديل الضمانات | F28: High | G28: خالد الغامدي | H28: Engineering | I28: Development | J28: =IF($A28="","",IFERROR(INDEX(Lists!$B$2:$B$10,MATCH($I28,Lists!$A$2:$A$10,0)),"")) -> 0.55 | K28: 46225 | L28: 46254 | N28: =IF($A28="","",$L28-$K28+1) -> 30 | O28: =IF($A28="","",IF(OR($I28="Completed",$I28="Cancelled"),0,$L28-TODAY())) -> 25 | P28: DMT-026 | Q28: Critical | S28: =IF($A28="","",IF(AND($O28<0,$I28<>"Completed",$I28<>"Cancelled"),1,0)) -> 0 | T28: =IF($A28="","",IF($I28="Completed",ROW(),"")) | U28: =IF($A28="","",IF(OR($I28="Not Started",$I28="Planning",$I28="Blocked"),ROW(),""))
A29: DMT-028 | B29: Guarantee Registration | C29: تسجيل الضمانات | D29: بناء نموذج تسجيل الضمان | E29: تطوير نموذج تسجيل ضمان جديد مع التحقق من الحقول | F29: Critical | G29: لمياء العنزي | H29: Engineering | I29: Development | J29: =IF($A29="","",IFERROR(INDEX(Lists!$B$2:$B$10,MATCH($I29,Lists!$A$2:$A$10,0)),"")) -> 0.55 | K29: 46194 | L29: 46223 | N29: =IF($A29="","",$L29-$K29+1) -> 30 | O29: =IF($A29="","",IF(OR($I29="Completed",$I29="Cancelled"),0,$L29-TODAY())) -> -6 | P29: DMT-025 | Q29: Critical | S29: =IF($A29="","",IF(AND($O29<0,$I29<>"Completed",$I29<>"Cancelled"),1,0)) -> 1 | T29: =IF($A29="","",IF($I29="Completed",ROW(),"")) | U29: =IF($A29="","",IF(OR($I29="Not Started",$I29="Planning",$I29="Blocked"),ROW(),""))
A30: DMT-029 | B30: Guarantee Registration | C30: تسجيل الضمانات | D30: رفع وإدارة المستندات | E30: إضافة خاصية رفع صور وفواتير الضمان | F30: High | G30: لمياء العنزي | H30: Engineering | I30: Design | J30: =IF($A30="","",IFERROR(INDEX(Lists!$B$2:$B$10,MATCH($I30,Lists!$A$2:$A$10,0)),"")) -> 0.3 | K30: 46224 | L30: 46254 | N30: =IF($A30="","",$L30-$K30+1) -> 31 | O30: =IF($A30="","",IF(OR($I30="Completed",$I30="Cancelled"),0,$L30-TODAY())) -> 25 | P30: DMT-028 | Q30: Critical | S30: =IF($A30="","",IF(AND($O30<0,$I30<>"Completed",$I30<>"Cancelled"),1,0)) -> 0 | T30: =IF($A30="","",IF($I30="Completed",ROW(),"")) | U30: =IF($A30="","",IF(OR($I30="Not Started",$I30="Planning",$I30="Blocked"),ROW(),""))
A31: DMT-030 | B31: Guarantee Registration | C31: تسجيل الضمانات | D31: دمج بيانات المتاجر والموردين | E31: ربط نموذج التسجيل بقاعدة بيانات المتاجر المعتمدة | F31: High | G31: لمياء العنزي | H31: Engineering | I31: Planning | J31: =IF($A31="","",IFERROR(INDEX(Lists!$B$2:$B$10,MATCH($I31,Lists!$A$2:$A$10,0)),"")) -> 0.15 | K31: 46255 | L31: 46284 | N31: =IF($A31="","",$L31-$K31+1) -> 30 | O31: =IF($A31="","",IF(OR($I31="Completed",$I31="Cancelled"),0,$L31-TODAY())) -> 55 | P31: DMT-029 | Q31: Critical | S31: =IF($A31="","",IF(AND($O31<0,$I31<>"Completed",$I31<>"Cancelled"),1,0)) -> 0 | T31: =IF($A31="","",IF($I31="Completed",ROW(),"")) | U31: =IF($A31="","",IF(OR($I31="Not Started",$I31="Planning",$I31="Blocked"),ROW(),"")) -> 31
A32: DMT-031 | B32: Guarantee Verification | C32: التحقق من الضمانات | D32: بناء خدمة التحقق الفوري | E32: تطوير خدمة API للتحقق من صلاحية الضمان لحظيًا | F32: Critical | G32: خالد الغامدي | H32: Engineering | I32: Planning | J32: =IF($A32="","",IFERROR(INDEX(Lists!$B$2:$B$10,MATCH($I32,Lists!$A$2:$A$10,0)),"")) -> 0.15 | K32: 46225 | L32: 46254 | N32: =IF($A32="","",$L32-$K32+1) -> 30 | O32: =IF($A32="","",IF(OR($I32="Completed",$I32="Cancelled"),0,$L32-TODAY())) -> 25 | P32: DMT-028 | Q32: Critical | S32: =IF($A32="","",IF(AND($O32<0,$I32<>"Completed",$I32<>"Cancelled"),1,0)) -> 0 | T32: =IF($A32="","",IF($I32="Completed",ROW(),"")) | U32: =IF($A32="","",IF(OR($I32="Not Started",$I32="Planning",$I32="Blocked"),ROW(),"")) -> 32
A33: DMT-032 | B33: Guarantee Verification | C33: التحقق من الضمانات | D33: دمج التحقق مع أنظمة الموردين | E33: ربط النظام مع أنظمة الموردين الخارجية للتحقق من الفاتورة | F33: High | G33: خالد الغامدي | H33: Engineering | I33: Blocked | J33: =IF($A33="","",IFERROR(INDEX(Lists!$B$2:$B$10,MATCH($I33,Lists!$A$2:$A$10,0)),"")) -> 0.4 | K33: 46255 | L33: 46285 | N33: =IF($A33="","",$L33-$K33+1) -> 31 | O33: =IF($A33="","",IF(OR($I33="Completed",$I33="Cancelled"),0,$L33-TODAY())) -> 56 | P33: DMT-031 | Q33: Critical | R33: متوقف: بانتظار توقيع اتفاقية تكامل مع مزود API الخارجي | S33: =IF($A33="","",IF(AND($O33<0,$I33<>"Completed",$I33<>"Cancelled"),1,0)) -> 0 | T33: =IF($A33="","",IF($I33="Completed",ROW(),"")) | U33: =IF($A33="","",IF(OR($I33="Not Started",$I33="Planning",$I33="Blocked"),ROW(),"")) -> 33
A34: DMT-033 | B34: Guarantee Verification | C34: التحقق من الضمانات | D34: بناء سجل تدقيق التحقق | E34: تسجيل كل عمليات التحقق لأغراض التدقيق والمراجعة | F34: High | G34: خالد الغامدي | H34: Engineering | I34: Not Started | J34: =IF($A34="","",IFERROR(INDEX(Lists!$B$2:$B$10,MATCH($I34,Lists!$A$2:$A$10,0)),"")) -> 0 | K34: 46286 | L34: 46315 | N34: =IF($A34="","",$L34-$K34+1) -> 30 | O34: =IF($A34="","",IF(OR($I34="Completed",$I34="Cancelled"),0,$L34-TODAY())) -> 86 | P34: DMT-032 | Q34: Critical | S34: =IF($A34="","",IF(AND($O34<0,$I34<>"Completed",$I34<>"Cancelled"),1,0)) -> 0 | T34: =IF($A34="","",IF($I34="Completed",ROW(),"")) | U34: =IF($A34="","",IF(OR($I34="Not Started",$I34="Planning",$I34="Blocked"),ROW(),"")) -> 34
A35: DMT-034 | B35: QR Code System | C35: رمز الاستجابة السريعة | D35: توليد رمز QR لكل ضمان | E35: بناء خدمة توليد رمز QR فريد لكل ضمان مسجل | F35: Medium | G35: فيصل المطيري | H35: Engineering | I35: Not Started | J35: =IF($A35="","",IFERROR(INDEX(Lists!$B$2:$B$10,MATCH($I35,Lists!$A$2:$A$10,0)),"")) -> 0 | K35: 46240 | L35: 46259 | N35: =IF($A35="","",$L35-$K35+1) -> 20 | O35: =IF($A35="","",IF(OR($I35="Completed",$I35="Cancelled"),0,$L35-TODAY())) -> 30 | P35: DMT-028 | Q35: Medium | S35: =IF($A35="","",IF(AND($O35<0,$I35<>"Completed",$I35<>"Cancelled"),1,0)) -> 0 | T35: =IF($A35="","",IF($I35="Completed",ROW(),"")) | U35: =IF($A35="","",IF(OR($I35="Not Started",$I35="Planning",$I35="Blocked"),ROW(),"")) -> 35
A36: DMT-035 | B36: QR Code System | C36: رمز الاستجابة السريعة | D36: تطوير ماسح QR داخل التطبيق | E36: إضافة كاميرا لمسح رمز QR والتحقق الفوري | F36: Medium | G36: فيصل المطيري | H36: Engineering | I36: Not Started | J36: =IF($A36="","",IFERROR(INDEX(Lists!$B$2:$B$10,MATCH($I36,Lists!$A$2:$A$10,0)),"")) -> 0 | K36: 46260 | L36: 46280 | N36: =IF($A36="","",$L36-$K36+1) -> 21 | O36: =IF($A36="","",IF(OR($I36="Completed",$I36="Cancelled"),0,$L36-TODAY())) -> 51 | P36: DMT-034 | Q36: Medium | S36: =IF($A36="","",IF(AND($O36<0,$I36<>"Completed",$I36<>"Cancelled"),1,0)) -> 0 | T36: =IF($A36="","",IF($I36="Completed",ROW(),"")) | U36: =IF($A36="","",IF(OR($I36="Not Started",$I36="Planning",$I36="Blocked"),ROW(),"")) -> 36
A37: DMT-036 | B37: QR Code System | C37: رمز الاستجابة السريعة | D37: طباعة وتوزيع ملصقات QR | E37: تصميم آلية طباعة ملصقات QR للمتاجر الشريكة | F37: Medium | G37: فيصل المطيري | H37: Engineering | I37: Not Started | J37: =IF($A37="","",IFERROR(INDEX(Lists!$B$2:$B$10,MATCH($I37,Lists!$A$2:$A$10,0)),"")) -> 0 | K37: 46281 | L37: 46300 | N37: =IF($A37="","",$L37-$K37+1) -> 20 | O37: =IF($A37="","",IF(OR($I37="Completed",$I37="Cancelled"),0,$L37-TODAY())) -> 71 | P37: DMT-035 | Q37: Medium | S37: =IF($A37="","",IF(AND($O37<0,$I37<>"Completed",$I37<>"Cancelled"),1,0)) -> 0 | T37: =IF($A37="","",IF($I37="Completed",ROW(),"")) | U37: =IF($A37="","",IF(OR($I37="Not Started",$I37="Planning",$I37="Blocked"),ROW(),"")) -> 37
A38: DMT-037 | B38: Notifications | C38: الإشعارات | D38: بناء محرك الإشعارات الفورية | E38: تطوير خدمة Push Notifications للتطبيق | F38: Low | G38: لمياء العنزي | H38: Engineering | I38: Not Started | J38: =IF($A38="","",IFERROR(INDEX(Lists!$B$2:$B$10,MATCH($I38,Lists!$A$2:$A$10,0)),"")) -> 0 | K38: 46255 | L38: 46274 | N38: =IF($A38="","",$L38-$K38+1) -> 20 | O38: =IF($A38="","",IF(OR($I38="Completed",$I38="Cancelled"),0,$L38-TODAY())) -> 45 | P38: DMT-022 | Q38: Low | S38: =IF($A38="","",IF(AND($O38<0,$I38<>"Completed",$I38<>"Cancelled"),1,0)) -> 0 | T38: =IF($A38="","",IF($I38="Completed",ROW(),"")) | U38: =IF($A38="","",IF(OR($I38="Not Started",$I38="Planning",$I38="Blocked"),ROW(),"")) -> 38
A39: DMT-038 | B39: Notifications | C39: الإشعارات | D39: إشعارات انتهاء صلاحية الضمان | E39: بناء تنبيهات تلقائية قبل انتهاء مدة الضمان | F39: Medium | G39: لمياء العنزي | H39: Engineering | I39: Not Started | J39: =IF($A39="","",IFERROR(INDEX(Lists!$B$2:$B$10,MATCH($I39,Lists!$A$2:$A$10,0)),"")) -> 0 | K39: 46275 | L39: 46295 | N39: =IF($A39="","",$L39-$K39+1) -> 21 | O39: =IF($A39="","",IF(OR($I39="Completed",$I39="Cancelled"),0,$L39-TODAY())) -> 66 | P39: DMT-037 | Q39: Low | S39: =IF($A39="","",IF(AND($O39<0,$I39<>"Completed",$I39<>"Cancelled"),1,0)) -> 0 | T39: =IF($A39="","",IF($I39="Completed",ROW(),"")) | U39: =IF($A39="","",IF(OR($I39="Not Started",$I39="Planning",$I39="Blocked"),ROW(),"")) -> 39
A40: DMT-039 | B40: Notifications | C40: الإشعارات | D40: إشعارات البريد الإلكتروني والرسائل | E40: دمج قوالب البريد الإلكتروني ورسائل SMS | F40: Medium | G40: لمياء العنزي | H40: Engineering | I40: Not Started | J40: =IF($A40="","",IFERROR(INDEX(Lists!$B$2:$B$10,MATCH($I40,Lists!$A$2:$A$10,0)),"")) -> 0 | K40: 46296 | L40: 46315 | N40: =IF($A40="","",$L40-$K40+1) -> 20 | O40: =IF($A40="","",IF(OR($I40="Completed",$I40="Cancelled"),0,$L40-TODAY())) -> 86 | P40: DMT-038 | Q40: Low | S40: =IF($A40="","",IF(AND($O40<0,$I40<>"Completed",$I40<>"Cancelled"),1,0)) -> 0 | T40: =IF($A40="","",IF($I40="Completed",ROW(),"")) | U40: =IF($A40="","",IF(OR($I40="Not Started",$I40="Planning",$I40="Blocked"),ROW(),"")) -> 40
A41: DMT-040 | B41: Search | C41: البحث | D41: بناء محرك بحث الضمانات | E41: تطوير بحث سريع للضمانات حسب المنتج أو المتجر | F41: Medium | G41: ريم الحربي | H41: Engineering | I41: Not Started | J41: =IF($A41="","",IFERROR(INDEX(Lists!$B$2:$B$10,MATCH($I41,Lists!$A$2:$A$10,0)),"")) -> 0 | K41: 46270 | L41: 46289 | N41: =IF($A41="","",$L41-$K41+1) -> 20 | O41: =IF($A41="","",IF(OR($I41="Completed",$I41="Cancelled"),0,$L41-TODAY())) -> 60 | P41: DMT-025 | Q41: Medium | S41: =IF($A41="","",IF(AND($O41<0,$I41<>"Completed",$I41<>"Cancelled"),1,0)) -> 0 | T41: =IF($A41="","",IF($I41="Completed",ROW(),"")) | U41: =IF($A41="","",IF(OR($I41="Not Started",$I41="Planning",$I41="Blocked"),ROW(),"")) -> 41
A42: DMT-041 | B42: Search | C42: البحث | D42: إضافة الفلاتر المتقدمة | E42: دعم الفلترة حسب الحالة والتاريخ والفئة | F42: Medium | G42: ريم الحربي | H42: Engineering | I42: Not Started | J42: =IF($A42="","",IFERROR(INDEX(Lists!$B$2:$B$10,MATCH($I42,Lists!$A$2:$A$10,0)),"")) -> 0 | K42: 46290 | L42: 46310 | N42: =IF($A42="","",$L42-$K42+1) -> 21 | O42: =IF($A42="","",IF(OR($I42="Completed",$I42="Cancelled"),0,$L42-TODAY())) -> 81 | P42: DMT-040 | Q42: Medium | S42: =IF($A42="","",IF(AND($O42<0,$I42<>"Completed",$I42<>"Cancelled"),1,0)) -> 0 | T42: =IF($A42="","",IF($I42="Completed",ROW(),"")) | U42: =IF($A42="","",IF(OR($I42="Not Started",$I42="Planning",$I42="Blocked"),ROW(),"")) -> 42
A43: DMT-042 | B43: Search | C43: البحث | D43: تحسين أداء الفهرسة | E43: بناء فهرسة للبيانات لتسريع نتائج البحث | F43: Medium | G43: ريم الحربي | H43: Engineering | I43: Not Started | J43: =IF($A43="","",IFERROR(INDEX(Lists!$B$2:$B$10,MATCH($I43,Lists!$A$2:$A$10,0)),"")) -> 0 | K43: 46311 | L43: 46330 | N43: =IF($A43="","",$L43-$K43+1) -> 20 | O43: =IF($A43="","",IF(OR($I43="Completed",$I43="Cancelled"),0,$L43-TODAY())) -> 101 | P43: DMT-041 | Q43: Medium | S43: =IF($A43="","",IF(AND($O43<0,$I43<>"Completed",$I43<>"Cancelled"),1,0)) -> 0 | T43: =IF($A43="","",IF($I43="Completed",ROW(),"")) | U43: =IF($A43="","",IF(OR($I43="Not Started",$I43="Planning",$I43="Blocked"),ROW(),"")) -> 43
A44: DMT-043 | B44: Reports | C44: التقارير | D44: بناء تقارير الضمانات الأساسية | E44: تطوير تقارير قابلة للتصدير بصيغة PDF وExcel | F44: Medium | G44: منيرة القرني | H44: Data & AI | I44: Not Started | J44: =IF($A44="","",IFERROR(INDEX(Lists!$B$2:$B$10,MATCH($I44,Lists!$A$2:$A$10,0)),"")) -> 0 | K44: 46285 | L44: 46309 | N44: =IF($A44="","",$L44-$K44+1) -> 25 | O44: =IF($A44="","",IF(OR($I44="Completed",$I44="Cancelled"),0,$L44-TODAY())) -> 80 | P44: DMT-031 | Q44: Medium | S44: =IF($A44="","",IF(AND($O44<0,$I44<>"Completed",$I44<>"Cancelled"),1,0)) -> 0 | T44: =IF($A44="","",IF($I44="Completed",ROW(),"")) | U44: =IF($A44="","",IF(OR($I44="Not Started",$I44="Planning",$I44="Blocked"),ROW(),"")) -> 44
A45: DMT-044 | B45: Reports | C45: التقارير | D45: تقارير الأداء الإداري | E45: بناء تقارير لأداء الفرق والمتاجر الشريكة | F45: Medium | G45: منيرة القرني | H45: Data & AI | I45: Not Started | J45: =IF($A45="","",IFERROR(INDEX(Lists!$B$2:$B$10,MATCH($I45,Lists!$A$2:$A$10,0)),"")) -> 0 | K45: 46310 | L45: 46335 | N45: =IF($A45="","",$L45-$K45+1) -> 26 | O45: =IF($A45="","",IF(OR($I45="Completed",$I45="Cancelled"),0,$L45-TODAY())) -> 106 | P45: DMT-043 | Q45: Medium | S45: =IF($A45="","",IF(AND($O45<0,$I45<>"Completed",$I45<>"Cancelled"),1,0)) -> 0 | T45: =IF($A45="","",IF($I45="Completed",ROW(),"")) | U45: =IF($A45="","",IF(OR($I45="Not Started",$I45="Planning",$I45="Blocked"),ROW(),"")) -> 45
... A49: DMT-048 | B49: Analytics | C49: التحليلات | D49: مؤشرات الأداء الرئيسية (KPIs) | E49: بناء لوحة مؤشرات الأداء للإدارة العليا | F49: Medium | G49: منيرة القرني | H49: Data & AI | I49: Not Started | J49: =IF($A49="","",IFERROR(INDEX(Lists!$B$2:$B$10,MATCH($I49,Lists!$A$2:$A$10,0)),"")) -> 0 | K49: 46352 | L49: 46376 | N49: =IF($A49="","",$L49-$K49+1) -> 25 | O49: =IF($A49="","",IF(OR($I49="Completed",$I49="Cancelled"),0,$L49-TODAY())) -> 147 | P49: DMT-047 | Q49: Medium | S49: =IF($A49="","",IF(AND($O49<0,$I49<>"Completed",$I49<>"Cancelled"),1,0)) -> 0 | T49: =IF($A49="","",IF($I49="Completed",ROW(),"")) | U49: =IF($A49="","",IF(OR($I49="Not Started",$I49="Planning",$I49="Blocked"),ROW(),"")) -> 49
A50: DMT-049 | B50: AI Features | C50: الذكاء الاصطناعي | D50: نموذج التعرف على الفواتير (OCR) | E50: بناء نموذج لاستخراج بيانات الفاتورة تلقائيًا من الصور | F50: High | G50: منيرة القرني | H50: Data & AI | I50: Blocked | J50: =IF($A50="","",IFERROR(INDEX(Lists!$B$2:$B$10,MATCH($I50,Lists!$A$2:$A$10,0)),"")) -> 0.4 | K50: 46316 | L50: 46345 | N50: =IF($A50="","",$L50-$K50+1) -> 30 | O50: =IF($A50="","",IF(OR($I50="Completed",$I50="Cancelled"),0,$L50-TODAY())) -> 116 | P50: DMT-046 | Q50: High | R50: متوقف: بانتظار توفر مجموعة بيانات فواتير كافية للتدريب | S50: =IF($A50="","",IF(AND($O50<0,$I50<>"Completed",$I50<>"Cancelled"),1,0)) -> 0 | T50: =IF($A50="","",IF($I50="Completed",ROW(),"")) | U50: =IF($A50="","",IF(OR($I50="Not Started",$I50="Planning",$I50="Blocked"),ROW(),"")) -> 50
A51: DMT-050 | B51: AI Features | C51: الذكاء الاصطناعي | D51: كشف الضمانات المزيفة | E51: تطوير نموذج تعلم آلي لكشف المستندات المزورة | F51: High | G51: منيرة القرني | H51: Data & AI | I51: Not Started | J51: =IF($A51="","",IFERROR(INDEX(Lists!$B$2:$B$10,MATCH($I51,Lists!$A$2:$A$10,0)),"")) -> 0 | K51: 46346 | L51: 46376 | N51: =IF($A51="","",$L51-$K51+1) -> 31 | O51: =IF($A51="","",IF(OR($I51="Completed",$I51="Cancelled"),0,$L51-TODAY())) -> 147 | P51: DMT-049 | Q51: High | S51: =IF($A51="","",IF(AND($O51<0,$I51<>"Completed",$I51<>"Cancelled"),1,0)) -> 0 | T51: =IF($A51="","",IF($I51="Completed",ROW(),"")) | U51: =IF($A51="","",IF(OR($I51="Not Started",$I51="Planning",$I51="Blocked"),ROW(),"")) -> 51
A52: DMT-051 | B52: AI Features | C52: الذكاء الاصطناعي | D52: مساعد ذكي للدعم الفني | E52: بناء روبوت محادثة للإجابة على استفسارات المستخدمين | F52: High | G52: منيرة القرني | H52: Data & AI | I52: Not Started | J52: =IF($A52="","",IFERROR(INDEX(Lists!$B$2:$B$10,MATCH($I52,Lists!$A$2:$A$10,0)),"")) -> 0 | K52: 46377 | L52: 46406 | N52: =IF($A52="","",$L52-$K52+1) -> 30 | O52: =IF($A52="","",IF(OR($I52="Completed",$I52="Cancelled"),0,$L52-TODAY())) -> 177 | P52: DMT-050 | Q52: High | S52: =IF($A52="","",IF(AND($O52<0,$I52<>"Completed",$I52<>"Cancelled"),1,0)) -> 0 | T52: =IF($A52="","",IF($I52="Completed",ROW(),"")) | U52: =IF($A52="","",IF(OR($I52="Not Started",$I52="Planning",$I52="Blocked"),ROW(),"")) -> 52
A53: DMT-052 | B53: Admin Dashboard | C53: لوحة الإدارة | D53: بناء لوحة تحكم المشرفين | E53: تطوير لوحة تحكم شاملة لإدارة المنصة | F53: Medium | G53: ريم الحربي | H53: Engineering | I53: Not Started | J53: =IF($A53="","",IFERROR(INDEX(Lists!$B$2:$B$10,MATCH($I53,Lists!$A$2:$A$10,0)),"")) -> 0 | K53: 46285 | L53: 46309 | N53: =IF($A53="","",$L53-$K53+1) -> 25 | O53: =IF($A53="","",IF(OR($I53="Completed",$I53="Cancelled"),0,$L53-TODAY())) -> 80 | P53: DMT-016 | Q53: Medium | S53: =IF($A53="","",IF(AND($O53<0,$I53<>"Completed",$I53<>"Cancelled"),1,0)) -> 0 | T53: =IF($A53="","",IF($I53="Completed",ROW(),"")) | U53: =IF($A53="","",IF(OR($I53="Not Started",$I53="Planning",$I53="Blocked"),ROW(),"")) -> 53
A54: DMT-053 | B54: Admin Dashboard | C54: لوحة الإدارة | D54: إدارة المستخدمين والصلاحيات | E54: أدوات إدارية للتحكم بحسابات المستخدمين | F54: Medium | G54: ريم الحربي | H54: Engineering | I54: Not Started | J54: =IF($A54="","",IFERROR(INDEX(Lists!$B$2:$B$10,MATCH($I54,Lists!$A$2:$A$10,0)),"")) -> 0 | K54: 46310 | L54: 46335 | N54: =IF($A54="","",$L54-$K54+1) -> 26 | O54: =IF($A54="","",IF(OR($I54="Completed",$I54="Cancelled"),0,$L54-TODAY())) -> 106 | P54: DMT-052 | Q54: Medium | S54: =IF($A54="","",IF(AND($O54<0,$I54<>"Completed",$I54<>"Cancelled"),1,0)) -> 0 | T54: =IF($A54="","",IF($I54="Completed",ROW(),"")) | U54: =IF($A54="","",IF(OR($I54="Not Started",$I54="Planning",$I54="Blocked"),ROW(),"")) -> 54
A55: DMT-054 | B55: Admin Dashboard | C55: لوحة الإدارة | D55: سجل النشاطات والتدقيق | E55: بناء سجل شامل لعمليات النظام لأغراض التدقيق | F55: Medium | G55: ريم الحربي | H55: Engineering | I55: Not Started | J55: =IF($A55="","",IFERROR(INDEX(Lists!$B$2:$B$10,MATCH($I55,Lists!$A$2:$A$10,0)),"")) -> 0 | K55: 46336 | L55: 46360 | N55: =IF($A55="","",$L55-$K55+1) -> 25 | O55: =IF($A55="","",IF(OR($I55="Completed",$I55="Cancelled"),0,$L55-TODAY())) -> 131 | P55: DMT-053 | Q55: Medium | S55: =IF($A55="","",IF(AND($O55<0,$I55<>"Completed",$I55<>"Cancelled"),1,0)) -> 0 | T55: =IF($A55="","",IF($I55="Completed",ROW(),"")) | U55: =IF($A55="","",IF(OR($I55="Not Started",$I55="Planning",$I55="Blocked"),ROW(),"")) -> 55
A56: DMT-055 | B56: API Development | C56: واجهات برمجية | D56: تصميم معايير REST API | E56: تحديد معايير التسمية والاستجابة لجميع الواجهات | F56: High | G56: خالد الغامدي | H56: Engineering | I56: Development | J56: =IF($A56="","",IFERROR(INDEX(Lists!$B$2:$B$10,MATCH($I56,Lists!$A$2:$A$10,0)),"")) -> 0.55 | K56: 46133 | L56: 46203 | N56: =IF($A56="","",$L56-$K56+1) -> 71 | O56: =IF($A56="","",IF(OR($I56="Completed",$I56="Cancelled"),0,$L56-TODAY())) -> -26 | P56: DMT-058 | Q56: High | S56: =IF($A56="","",IF(AND($O56<0,$I56<>"Completed",$I56<>"Cancelled"),1,0)) -> 1 | T56: =IF($A56="","",IF($I56="Completed",ROW(),"")) | U56: =IF($A56="","",IF(OR($I56="Not Started",$I56="Planning",$I56="Blocked"),ROW(),""))
A57: DMT-056 | B57: API Development | C57: واجهات برمجية | D57: تطوير واجهات إدارة الضمانات | E57: بناء نقاط النهاية الخاصة بإدارة وتسجيل الضمانات | F57: High | G57: خالد الغامدي | H57: Engineering | I57: Development | J57: =IF($A57="","",IFERROR(INDEX(Lists!$B$2:$B$10,MATCH($I57,Lists!$A$2:$A$10,0)),"")) -> 0.55 | K57: 46204 | L57: 46274 | N57: =IF($A57="","",$L57-$K57+1) -> 71 | O57: =IF($A57="","",IF(OR($I57="Completed",$I57="Cancelled"),0,$L57-TODAY())) -> 45 | P57: DMT-055 | Q57: High | S57: =IF($A57="","",IF(AND($O57<0,$I57<>"Completed",$I57<>"Cancelled"),1,0)) -> 0 | T57: =IF($A57="","",IF($I57="Completed",ROW(),"")) | U57: =IF($A57="","",IF(OR($I57="Not Started",$I57="Planning",$I57="Blocked"),ROW(),""))
A58: DMT-057 | B58: API Development | C58: واجهات برمجية | D58: توثيق الواجهات البرمجية | E58: إعداد توثيق Swagger/OpenAPI لجميع الواجهات | F58: High | G58: خالد الغامدي | H58: Engineering | I58: Planning | J58: =IF($A58="","",IFERROR(INDEX(Lists!$B$2:$B$10,MATCH($I58,Lists!$A$2:$A$10,0)),"")) -> 0.15 | K58: 46275 | L58: 46345 | N58: =IF($A58="","",$L58-$K58+1) -> 71 | O58: =IF($A58="","",IF(OR($I58="Completed",$I58="Cancelled"),0,$L58-TODAY())) -> 116 | P58: DMT-056 | Q58: High | S58: =IF($A58="","",IF(AND($O58<0,$I58<>"Completed",$I58<>"Cancelled"),1,0)) -> 0 | T58: =IF($A58="","",IF($I58="Completed",ROW(),"")) | U58: =IF($A58="","",IF(OR($I58="Not Started",$I58="Planning",$I58="Blocked"),ROW(),"")) -> 58
A59: DMT-058 | B59: Database | C59: قاعدة البيانات | D59: تصميم مخطط قاعدة البيانات | E59: بناء مخطط ERD الشامل لجميع كيانات النظام | F59: High | G59: لمياء العنزي | H59: Engineering | I59: Testing | J59: =IF($A59="","",IFERROR(INDEX(Lists!$B$2:$B$10,MATCH($I59,Lists!$A$2:$A$10,0)),"")) -> 0.75 | K59: 46103 | L59: 46168 | N59: =IF($A59="","",$L59-$K59+1) -> 66 | O59: =IF($A59="","",IF(OR($I59="Completed",$I59="Cancelled"),0,$L59-TODAY())) -> -61 | P59: DMT-004 | Q59: High | S59: =IF($A59="","",IF(AND($O59<0,$I59<>"Completed",$I59<>"Cancelled"),1,0)) -> 1 | T59: =IF($A59="","",IF($I59="Completed",ROW(),"")) | U59: =IF($A59="","",IF(OR($I59="Not Started",$I59="Planning",$I59="Blocked"),ROW(),""))
A60: DMT-059 | B60: Database | C60: قاعدة البيانات | D60: إعداد بيئة قاعدة البيانات السحابية | E60: إعداد قاعدة بيانات PostgreSQL على السحابة | F60: High | G60: لمياء العنزي | H60: Engineering | I60: Development | J60: =IF($A60="","",IFERROR(INDEX(Lists!$B$2:$B$10,MATCH($I60,Lists!$A$2:$A$10,0)),"")) -> 0.55 | K60: 46169 | L60: 46234 | N60: =IF($A60="","",$L60-$K60+1) -> 66 | O60: =IF($A60="","",IF(OR($I60="Completed",$I60="Cancelled"),0,$L60-TODAY())) -> 5 | P60: DMT-058 | Q60: High | S60: =IF($A60="","",IF(AND($O60<0,$I60<>"Completed",$I60<>"Cancelled"),1,0)) -> 0 | T60: =IF($A60="","",IF($I60="Completed",ROW(),"")) | U60: =IF($A60="","",IF(OR($I60="Not Started",$I60="Planning",$I60="Blocked"),ROW(),""))
A61: DMT-060 | B61: Database | C61: قاعدة البيانات | D61: تحسين الأداء والفهرسة | E61: بناء الفهارس وتحسين الاستعلامات لضمان الأداء | F61: High | G61: لمياء العنزي | H61: Engineering | I61: Design | J61: =IF($A61="","",IFERROR(INDEX(Lists!$B$2:$B$10,MATCH($I61,Lists!$A$2:$A$10,0)),"")) -> 0.3 | K61: 46235 | L61: 46300 | N61: =IF($A61="","",$L61-$K61+1) -> 66 | O61: =IF($A61="","",IF(OR($I61="Completed",$I61="Cancelled"),0,$L61-TODAY())) -> 71 | P61: DMT-059 | Q61: High | S61: =IF($A61="","",IF(AND($O61<0,$I61<>"Completed",$I61<>"Cancelled"),1,0)) -> 0 | T61: =IF($A61="","",IF($I61="Completed",ROW(),"")) | U61: =IF($A61="","",IF(OR($I61="Not Started",$I61="Planning",$I61="Blocked"),ROW(),""))
A62: DMT-061 | B62: Cloud Infrastructure | C62: البنية التحتية | D62: إعداد بيئة السحابة الأساسية | E62: تجهيز بيئات التطوير والاختبار والإنتاج على السحابة | F62: High | G62: تركي السبيعي | H62: DevOps | I62: Development | J62: =IF($A62="","",IFERROR(INDEX(Lists!$B$2:$B$10,MATCH($I62,Lists!$A$2:$A$10,0)),"")) -> 0.55 | K62: 46103 | L62: 46173 | N62: =IF($A62="","",$L62-$K62+1) -> 71 | O62: =IF($A62="","",IF(OR($I62="Completed",$I62="Cancelled"),0,$L62-TODAY())) -> -56 | P62: DMT-001 | Q62: High | R62: متأخر عن الجدول الزمني المخطط، يحتاج متابعة عاجلة من فريق DevOps | S62: =IF($A62="","",IF(AND($O62<0,$I62<>"Completed",$I62<>"Cancelled"),1,0)) -> 1 | T62: =IF($A62="","",IF($I62="Completed",ROW(),"")) | U62: =IF($A62="","",IF(OR($I62="Not Started",$I62="Planning",$I62="Blocked"),ROW(),""))
A63: DMT-062 | B63: Cloud Infrastructure | C63: البنية التحتية | D63: إعداد خطوط CI/CD | E63: بناء خطوط نشر آلية للتطبيق والواجهات الخلفية | F63: High | G63: تركي السبيعي | H63: DevOps | I63: Development | J63: =IF($A63="","",IFERROR(INDEX(Lists!$B$2:$B$10,MATCH($I63,Lists!$A$2:$A$10,0)),"")) -> 0.55 | K63: 46174 | L63: 46244 | N63: =IF($A63="","",$L63-$K63+1) -> 71 | O63: =IF($A63="","",IF(OR($I63="Completed",$I63="Cancelled"),0,$L63-TODAY())) -> 15 | P63: DMT-061 | Q63: High | S63: =IF($A63="","",IF(AND($O63<0,$I63<>"Completed",$I63<>"Cancelled"),1,0)) -> 0 | T63: =IF($A63="","",IF($I63="Completed",ROW(),"")) | U63: =IF($A63="","",IF(OR($I63="Not Started",$I63="Planning",$I63="Blocked"),ROW(),""))
A64: DMT-063 | B64: Cloud Infrastructure | C64: البنية التحتية | D64: إعداد المراقبة والتنبيهات | E64: دمج أدوات مراقبة الأداء والتنبيه عند الأعطال | F64: High | G64: تركي السبيعي | H64: DevOps | I64: Design | J64: =IF($A64="","",IFERROR(INDEX(Lists!$B$2:$B$10,MATCH($I64,Lists!$A$2:$A$10,0)),"")) -> 0.3 | K64: 46245 | L64: 46315 | N64: =IF($A64="","",$L64-$K64+1) -> 71 | O64: =IF($A64="","",IF(OR($I64="Completed",$I64="Cancelled"),0,$L64-TODAY())) -> 86 | P64: DMT-062 | Q64: High | S64: =IF($A64="","",IF(AND($O64<0,$I64<>"Completed",$I64<>"Cancelled"),1,0)) -> 0 | T64: =IF($A64="","",IF($I64="Completed",ROW(),"")) | U64: =IF($A64="","",IF(OR($I64="Not Started",$I64="Planning",$I64="Blocked"),ROW(),""))
A65: DMT-064 | B65: Security | C65: الأمن السيبراني | D65: تقييم المخاطر الأمنية | E65: إجراء تقييم شامل للمخاطر الأمنية في النظام | F65: Critical | G65: عمر باقادر | H65: Security | I65: Development | J65: =IF($A65="","",IFERROR(INDEX(Lists!$B$2:$B$10,MATCH($I65,Lists!$A$2:$A$10,0)),"")) -> 0.55 | K65: 46179 | L65: 46229 | N65: =IF($A65="","",$L65-$K65+1) -> 51 | O65: =IF($A65="","",IF(OR($I65="Completed",$I65="Cancelled"),0,$L65-TODAY())) -> 0 | P65: DMT-019 | Q65: Critical | S65: =IF($A65="","",IF(AND($O65<0,$I65<>"Completed",$I65<>"Cancelled"),1,0)) -> 0 | T65: =IF($A65="","",IF($I65="Completed",ROW(),"")) | U65: =IF($A65="","",IF(OR($I65="Not Started",$I65="Planning",$I65="Blocked"),ROW(),""))
A66: DMT-065 | B66: Security | C66: الأمن السيبراني | D66: تشفير البيانات الحساسة | E66: تطبيق التشفير على بيانات المستخدمين والضمانات | F66: High | G66: عمر باقادر | H66: Security | I66: Design | J66: =IF($A66="","",IFERROR(INDEX(Lists!$B$2:$B$10,MATCH($I66,Lists!$A$2:$A$10,0)),"")) -> 0.3 | K66: 46230 | L66: 46279 | N66: =IF($A66="","",$L66-$K66+1) -> 50 | O66: =IF($A66="","",IF(OR($I66="Completed",$I66="Cancelled"),0,$L66-TODAY())) -> 50 | P66: DMT-064 | Q66: Critical | S66: =IF($A66="","",IF(AND($O66<0,$I66<>"Completed",$I66<>"Cancelled"),1,0)) -> 0 | T66: =IF($A66="","",IF($I66="Completed",ROW(),"")) | U66: =IF($A66="","",IF(OR($I66="Not Started",$I66="Planning",$I66="Blocked"),ROW(),""))
A67: DMT-066 | B67: Security | C67: الأمن السيبراني | D67: اختبار الاختراق | E67: إجراء اختبار اختراق شامل قبل الإطلاق | F67: High | G67: عمر باقادر | H67: Security | I67: Not Started | J67: =IF($A67="","",IFERROR(INDEX(Lists!$B$2:$B$10,MATCH($I67,Lists!$A$2:$A$10,0)),"")) -> 0 | K67: 46280 | L67: 46330 | N67: =IF($A67="","",$L67-$K67+1) -> 51 | O67: =IF($A67="","",IF(OR($I67="Completed",$I67="Cancelled"),0,$L67-TODAY())) -> 101 | P67: DMT-065 | Q67: Critical | S67: =IF($A67="","",IF(AND($O67<0,$I67<>"Completed",$I67<>"Cancelled"),1,0)) -> 0 | T67: =IF($A67="","",IF($I67="Completed",ROW(),"")) | U67: =IF($A67="","",IF(OR($I67="Not Started",$I67="Planning",$I67="Blocked"),ROW(),"")) -> 67
A68: DMT-067 | B68: Testing | C68: الاختبار | D68: إعداد خطة الاختبار الشاملة | E68: بناء استراتيجية الاختبار لجميع مكونات النظام | F68: High | G68: هند الزهراني | H68: QA | I68: Not Started | J68: =IF($A68="","",IFERROR(INDEX(Lists!$B$2:$B$10,MATCH($I68,Lists!$A$2:$A$10,0)),"")) -> 0 | K68: 46331 | L68: 46355 | N68: =IF($A68="","",$L68-$K68+1) -> 25 | O68: =IF($A68="","",IF(OR($I68="Completed",$I68="Cancelled"),0,$L68-TODAY())) -> 126 | P68: DMT-031 | Q68: High | S68: =IF($A68="","",IF(AND($O68<0,$I68<>"Completed",$I68<>"Cancelled"),1,0)) -> 0 | T68: =IF($A68="","",IF($I68="Completed",ROW(),"")) | U68: =IF($A68="","",IF(OR($I68="Not Started",$I68="Planning",$I68="Blocked"),ROW(),"")) -> 68
A69: DMT-068 | B69: Testing | C69: الاختبار | D69: تنفيذ اختبارات الوحدة والتكامل | E69: كتابة وتنفيذ اختبارات آلية للوظائف الأساسية | F69: High | G69: هند الزهراني | H69: QA | I69: Not Started | J69: =IF($A69="","",IFERROR(INDEX(Lists!$B$2:$B$10,MATCH($I69,Lists!$A$2:$A$10,0)),"")) -> 0 | K69: 46356 | L69: 46381 | N69: =IF($A69="","",$L69-$K69+1) -> 26 | O69: =IF($A69="","",IF(OR($I69="Completed",$I69="Cancelled"),0,$L69-TODAY())) -> 152 | P69: DMT-067 | Q69: High | S69: =IF($A69="","",IF(AND($O69<0,$I69<>"Completed",$I69<>"Cancelled"),1,0)) -> 0 | T69: =IF($A69="","",IF($I69="Completed",ROW(),"")) | U69: =IF($A69="","",IF(OR($I69="Not Started",$I69="Planning",$I69="Blocked"),ROW(),"")) -> 69
A70: DMT-069 | B70: Testing | C70: الاختبار | D70: اختبار قبول المستخدم (UAT) | E70: تنفيذ اختبارات القبول مع مستخدمين تجريبيين | F70: High | G70: هند الزهراني | H70: QA | I70: Not Started | J70: =IF($A70="","",IFERROR(INDEX(Lists!$B$2:$B$10,MATCH($I70,Lists!$A$2:$A$10,0)),"")) -> 0 | K70: 46382 | L70: 46406 | N70: =IF($A70="","",$L70-$K70+1) -> 25 | O70: =IF($A70="","",IF(OR($I70="Completed",$I70="Cancelled"),0,$L70-TODAY())) -> 177 | P70: DMT-068 | Q70: High | S70: =IF($A70="","",IF(AND($O70<0,$I70<>"Completed",$I70<>"Cancelled"),1,0)) -> 0 | T70: =IF($A70="","",IF($I70="Completed",ROW(),"")) | U70: =IF($A70="","",IF(OR($I70="Not Started",$I70="Planning",$I70="Blocked"),ROW(),"")) -> 70
A71: DMT-070 | B71: Performance | C71: الأداء | D71: اختبار تحمل الأحمال (Load Testing) | E71: قياس أداء النظام تحت ضغط عدد كبير من المستخدمين | F71: Medium | G71: هند الزهراني | H71: QA | I71: Not Started | J71: =IF($A71="","",IFERROR(INDEX(Lists!$B$2:$B$10,MATCH($I71,Lists!$A$2:$A$10,0)),"")) -> 0 | K71: 46346 | L71: 46365 | N71: =IF($A71="","",$L71-$K71+1) -> 20 | O71: =IF($A71="","",IF(OR($I71="Completed",$I71="Cancelled"),0,$L71-TODAY())) -> 136 | P71: DMT-067 | Q71: Medium | S71: =IF($A71="","",IF(AND($O71<0,$I71<>"Completed",$I71<>"Cancelled"),1,0)) -> 0 | T71: =IF($A71="","",IF($I71="Completed",ROW(),"")) | U71: =IF($A71="","",IF(OR($I71="Not Started",$I71="Planning",$I71="Blocked"),ROW(),"")) -> 71
A72: DMT-071 | B72: Performance | C72: الأداء | D72: تحسين سرعة الاستجابة | E72: تحسين أوقات استجابة الواجهات البرمجية والتطبيق | F72: Medium | G72: هند الزهراني | H72: QA | I72: Not Started | J72: =IF($A72="","",IFERROR(INDEX(Lists!$B$2:$B$10,MATCH($I72,Lists!$A$2:$A$10,0)),"")) -> 0 | K72: 46366 | L72: 46386 | N72: =IF($A72="","",$L72-$K72+1) -> 21 | O72: =IF($A72="","",IF(OR($I72="Completed",$I72="Cancelled"),0,$L72-TODAY())) -> 157 | P72: DMT-070 | Q72: Medium | S72: =IF($A72="","",IF(AND($O72<0,$I72<>"Completed",$I72<>"Cancelled"),1,0)) -> 0 | T72: =IF($A72="","",IF($I72="Completed",ROW(),"")) | U72: =IF($A72="","",IF(OR($I72="Not Started",$I72="Planning",$I72="Blocked"),ROW(),"")) -> 72
A73: DMT-072 | B73: Performance | C73: الأداء | D73: تحسين استهلاك الموارد السحابية | E73: ضبط الموارد السحابية لتقليل التكلفة وزيادة الكفاءة | F73: Medium | G73: هند الزهراني | H73: QA | I73: Not Started | J73: =IF($A73="","",IFERROR(INDEX(Lists!$B$2:$B$10,MATCH($I73,Lists!$A$2:$A$10,0)),"")) -> 0 | K73: 46387 | L73: 46406 | N73: =IF($A73="","",$L73-$K73+1) -> 20 | O73: =IF($A73="","",IF(OR($I73="Completed",$I73="Cancelled"),0,$L73-TODAY())) -> 177 | P73: DMT-071 | Q73: Medium | S73: =IF($A73="","",IF(AND($O73<0,$I73<>"Completed",$I73<>"Cancelled"),1,0)) -> 0 | T73: =IF($A73="","",IF($I73="Completed",ROW(),"")) | U73: =IF($A73="","",IF(OR($I73="Not Started",$I73="Planning",$I73="Blocked"),ROW(),"")) -> 73
A74: DMT-073 | B74: Deployment | C74: النشر | D74: إعداد بيئة الإنتاج النهائية | E74: تجهيز جميع الخدمات والبنية التحتية لبيئة الإنتاج | F74: High | G74: تركي السبيعي | H74: DevOps | I74: Not Started | J74: =IF($A74="","",IFERROR(INDEX(Lists!$B$2:$B$10,MATCH($I74,Lists!$A$2:$A$10,0)),"")) -> 0 | K74: 46377 | L74: 46391 | N74: =IF($A74="","",$L74-$K74+1) -> 15 | O74: =IF($A74="","",IF(OR($I74="Completed",$I74="Cancelled"),0,$L74-TODAY())) -> 162 | P74: DMT-067 | Q74: High | S74: =IF($A74="","",IF(AND($O74<0,$I74<>"Completed",$I74<>"Cancelled"),1,0)) -> 0 | T74: =IF($A74="","",IF($I74="Completed",ROW(),"")) | U74: =IF($A74="","",IF(OR($I74="Not Started",$I74="Planning",$I74="Blocked"),ROW(),"")) -> 74
... A81: DMT-080 | B81: Intellectual Property | C81: الملكية الفكرية | D81: حماية حقوق الملكية الفكرية للبرمجيات | E81: مراجعة قانونية لحماية الكود ونماذج البيانات | F81: Medium | G81: ياسر الأحمدي | H81: Legal | I81: Not Started | J81: =IF($A81="","",IFERROR(INDEX(Lists!$B$2:$B$10,MATCH($I81,Lists!$A$2:$A$10,0)),"")) -> 0 | K81: 46331 | L81: 46361 | N81: =IF($A81="","",$L81-$K81+1) -> 31 | O81: =IF($A81="","",IF(OR($I81="Completed",$I81="Cancelled"),0,$L81-TODAY())) -> 132 | P81: DMT-079 | Q81: Medium | S81: =IF($A81="","",IF(AND($O81<0,$I81<>"Completed",$I81<>"Cancelled"),1,0)) -> 0 | T81: =IF($A81="","",IF($I81="Completed",ROW(),"")) | U81: =IF($A81="","",IF(OR($I81="Not Started",$I81="Planning",$I81="Blocked"),ROW(),"")) -> 81
A82: DMT-081 | B82: Intellectual Property | C82: الملكية الفكرية | D82: تسجيل براءة اختراع لنظام التحقق | E82: دراسة إمكانية تسجيل براءة اختراع لتقنية التحقق من الضمانات | F82: Medium | G82: ياسر الأحمدي | H82: Legal | I82: Cancelled | J82: =IF($A82="","",IFERROR(INDEX(Lists!$B$2:$B$10,MATCH($I82,Lists!$A$2:$A$10,0)),"")) -> 0 | K82: 46362 | L82: 46391 | N82: =IF($A82="","",$L82-$K82+1) -> 30 | O82: =IF($A82="","",IF(OR($I82="Completed",$I82="Cancelled"),0,$L82-TODAY())) -> 0 | P82: DMT-080 | Q82: Low | R82: تم إلغاؤه: تقرر عدم تسجيل براءة اختراع في هذه المرحلة | S82: =IF($A82="","",IF(AND($O82<0,$I82<>"Completed",$I82<>"Cancelled"),1,0)) -> 0 | T82: =IF($A82="","",IF($I82="Completed",ROW(),"")) | U82: =IF($A82="","",IF(OR($I82="Not Started",$I82="Planning",$I82="Blocked"),ROW(),""))
A83: DMT-082 | B83: Legal Compliance | C83: الامتثال القانوني | D83: مراجعة الامتثال لأنظمة حماية البيانات | E83: مراجعة التوافق مع نظام حماية البيانات الشخصية السعودي | F83: High | G83: ياسر الأحمدي | H83: Legal | I83: Not Started | J83: =IF($A83="","",IFERROR(INDEX(Lists!$B$2:$B$10,MATCH($I83,Lists!$A$2:$A$10,0)),"")) -> 0 | K83: 46270 | L83: 46310 | N83: =IF($A83="","",$L83-$K83+1) -> 41 | O83: =IF($A83="","",IF(OR($I83="Completed",$I83="Cancelled"),0,$L83-TODAY())) -> 81 | P83: DMT-031 | Q83: High | S83: =IF($A83="","",IF(AND($O83<0,$I83<>"Completed",$I83<>"Cancelled"),1,0)) -> 0 | T83: =IF($A83="","",IF($I83="Completed",ROW(),"")) | U83: =IF($A83="","",IF(OR($I83="Not Started",$I83="Planning",$I83="Blocked"),ROW(),"")) -> 83
A84: DMT-083 | B84: Legal Compliance | C84: الامتثال القانوني | D84: إعداد الشروط والأحكام | E84: صياغة الشروط والأحكام وسياسة الخصوصية | F84: High | G84: ياسر الأحمدي | H84: Legal | I84: Not Started | J84: =IF($A84="","",IFERROR(INDEX(Lists!$B$2:$B$10,MATCH($I84,Lists!$A$2:$A$10,0)),"")) -> 0 | K84: 46311 | L84: 46350 | N84: =IF($A84="","",$L84-$K84+1) -> 40 | O84: =IF($A84="","",IF(OR($I84="Completed",$I84="Cancelled"),0,$L84-TODAY())) -> 121 | P84: DMT-082 | Q84: High | S84: =IF($A84="","",IF(AND($O84<0,$I84<>"Completed",$I84<>"Cancelled"),1,0)) -> 0 | T84: =IF($A84="","",IF($I84="Completed",ROW(),"")) | U84: =IF($A84="","",IF(OR($I84="Not Started",$I84="Planning",$I84="Blocked"),ROW(),"")) -> 84
A85: DMT-084 | B85: Legal Compliance | C85: الامتثال القانوني | D85: مراجعة الامتثال لأنظمة التجارة الإلكترونية | E85: التأكد من التوافق مع أنظمة الجهات الرقابية ذات العلاقة | F85: High | G85: ياسر الأحمدي | H85: Legal | I85: Not Started | J85: =IF($A85="","",IFERROR(INDEX(Lists!$B$2:$B$10,MATCH($I85,Lists!$A$2:$A$10,0)),"")) -> 0 | K85: 46351 | L85: 46391 | N85: =IF($A85="","",$L85-$K85+1) -> 41 | O85: =IF($A85="","",IF(OR($I85="Completed",$I85="Cancelled"),0,$L85-TODAY())) -> 162 | P85: DMT-083 | Q85: High | S85: =IF($A85="","",IF(AND($O85<0,$I85<>"Completed",$I85<>"Cancelled"),1,0)) -> 0 | T85: =IF($A85="","",IF($I85="Completed",ROW(),"")) | U85: =IF($A85="","",IF(OR($I85="Not Started",$I85="Planning",$I85="Blocked"),ROW(),"")) -> 85
A86: DMT-085 | B86: Launch Preparation | C86: التحضير للإطلاق | D86: إعداد خطة الإطلاق التسويقي | E86: بناء خطة تسويقية متكاملة لإطلاق التطبيق | F86: High | G86: جواهر العصيمي | H86: Product | I86: Not Started | J86: =IF($A86="","",IFERROR(INDEX(Lists!$B$2:$B$10,MATCH($I86,Lists!$A$2:$A$10,0)),"")) -> 0 | K86: 46407 | L86: 46421 | N86: =IF($A86="","",$L86-$K86+1) -> 15 | O86: =IF($A86="","",IF(OR($I86="Completed",$I86="Cancelled"),0,$L86-TODAY())) -> 192 | P86: DMT-073 | Q86: High | S86: =IF($A86="","",IF(AND($O86<0,$I86<>"Completed",$I86<>"Cancelled"),1,0)) -> 0 | T86: =IF($A86="","",IF($I86="Completed",ROW(),"")) | U86: =IF($A86="","",IF(OR($I86="Not Started",$I86="Planning",$I86="Blocked"),ROW(),"")) -> 86
A87: DMT-086 | B87: Launch Preparation | C87: التحضير للإطلاق | D87: تدريب فريق الدعم الفني | E87: تدريب فريق خدمة العملاء على النظام الجديد | F87: High | G87: جواهر العصيمي | H87: Product | I87: Not Started | J87: =IF($A87="","",IFERROR(INDEX(Lists!$B$2:$B$10,MATCH($I87,Lists!$A$2:$A$10,0)),"")) -> 0 | K87: 46422 | L87: 46437 | N87: =IF($A87="","",$L87-$K87+1) -> 16 | O87: =IF($A87="","",IF(OR($I87="Completed",$I87="Cancelled"),0,$L87-TODAY())) -> 208 | P87: DMT-085 | Q87: High | S87: =IF($A87="","",IF(AND($O87<0,$I87<>"Completed",$I87<>"Cancelled"),1,0)) -> 0 | T87: =IF($A87="","",IF($I87="Completed",ROW(),"")) | U87: =IF($A87="","",IF(OR($I87="Not Started",$I87="Planning",$I87="Blocked"),ROW(),"")) -> 87
A88: DMT-087 | B88: Launch Preparation | C88: التحضير للإطلاق | D88: إعداد قنوات الدعم والمتابعة | E88: تجهيز قنوات الدعم الفني ومتابعة ملاحظات المستخدمين | F88: High | G88: جواهر العصيمي | H88: Product | I88: Not Started | J88: =IF($A88="","",IFERROR(INDEX(Lists!$B$2:$B$10,MATCH($I88,Lists!$A$2:$A$10,0)),"")) -> 0 | K88: 46438 | L88: 46452 | N88: =IF($A88="","",$L88-$K88+1) -> 15 | O88: =IF($A88="","",IF(OR($I88="Completed",$I88="Cancelled"),0,$L88-TODAY())) -> 223 | P88: DMT-086 | Q88: High | S88: =IF($A88="","",IF(AND($O88<0,$I88<>"Completed",$I88<>"Cancelled"),1,0)) -> 0 | T88: =IF($A88="","",IF($I88="Completed",ROW(),"")) | U88: =IF($A88="","",IF(OR($I88="Not Started",$I88="Planning",$I88="Blocked"),ROW(),"")) -> 88
A89: DMT-088 | B89: Post Launch Improvements | C89: التحسين المستمر | D89: جمع ملاحظات المستخدمين بعد الإطلاق | E89: تحليل ملاحظات المستخدمين الأوائل لتحديد التحسينات | F89: Low | G89: جواهر العصيمي | H89: Product | I89: Not Started | J89: =IF($A89="","",IFERROR(INDEX(Lists!$B$2:$B$10,MATCH($I89,Lists!$A$2:$A$10,0)),"")) -> 0 | K89: 46453 | L89: 46472 | N89: =IF($A89="","",$L89-$K89+1) -> 20 | O89: =IF($A89="","",IF(OR($I89="Completed",$I89="Cancelled"),0,$L89-TODAY())) -> 243 | P89: DMT-085 | Q89: Low | S89: =IF($A89="","",IF(AND($O89<0,$I89<>"Completed",$I89<>"Cancelled"),1,0)) -> 0 | T89: =IF($A89="","",IF($I89="Completed",ROW(),"")) | U89: =IF($A89="","",IF(OR($I89="Not Started",$I89="Planning",$I89="Blocked"),ROW(),"")) -> 89
A90: DMT-089 | B90: Post Launch Improvements | C90: التحسين المستمر | D90: إصدار تحديثات الإصلاحات | E90: إطلاق تحديثات دورية لمعالجة الأخطاء المكتشفة | F90: Medium | G90: جواهر العصيمي | H90: Product | I90: Not Started | J90: =IF($A90="","",IFERROR(INDEX(Lists!$B$2:$B$10,MATCH($I90,Lists!$A$2:$A$10,0)),"")) -> 0 | K90: 46473 | L90: 46492 | N90: =IF($A90="","",$L90-$K90+1) -> 20 | O90: =IF($A90="","",IF(OR($I90="Completed",$I90="Cancelled"),0,$L90-TODAY())) -> 263 | P90: DMT-088 | Q90: Low | S90: =IF($A90="","",IF(AND($O90<0,$I90<>"Completed",$I90<>"Cancelled"),1,0)) -> 0 | T90: =IF($A90="","",IF($I90="Completed",ROW(),"")) | U90: =IF($A90="","",IF(OR($I90="Not Started",$I90="Planning",$I90="Blocked"),ROW(),"")) -> 90
A91: DMT-090 | B91: Post Launch Improvements | C91: التحسين المستمر | D91: خطة التوسع للمرحلة الثانية | E91: بناء خارطة طريق لميزات المرحلة الثانية من المشروع | F91: Medium | G91: جواهر العصيمي | H91: Product | I91: Not Started | J91: =IF($A91="","",IFERROR(INDEX(Lists!$B$2:$B$10,MATCH($I91,Lists!$A$2:$A$10,0)),"")) -> 0 | K91: 46493 | L91: 46512 | N91: =IF($A91="","",$L91-$K91+1) -> 20 | O91: =IF($A91="","",IF(OR($I91="Completed",$I91="Cancelled"),0,$L91-TODAY())) -> 283 | P91: DMT-089 | Q91: Low | S91: =IF($A91="","",IF(AND($O91<0,$I91<>"Completed",$I91<>"Cancelled"),1,0)) -> 0 | T91: =IF($A91="","",IF($I91="Completed",ROW(),"")) | U91: =IF($A91="","",IF(OR($I91="Not Started",$I91="Planning",$I91="Blocked"),ROW(),"")) -> 91
J92: =IF($A92="","",IFERROR(INDEX(Lists!$B$2:$B$10,MATCH($I92,Lists!$A$2:$A$10,0)),"")) | N92: =IF($A92="","",$L92-$K92+1) | O92: =IF($A92="","",IF(OR($I92="Completed",$I92="Cancelled"),0,$L92-TODAY())) | S92: =IF($A92="","",IF(AND($O92<0,$I92<>"Completed",$I92<>"Cancelled"),1,0)) | T92: =IF($A92="","",IF($I92="Completed",ROW(),"")) | U92: =IF($A92="","",IF(OR($I92="Not Started",$I92="Planning",$I92="Blocked"),ROW(),""))
J93: =IF($A93="","",IFERROR(INDEX(Lists!$B$2:$B$10,MATCH($I93,Lists!$A$2:$A$10,0)),"")) | N93: =IF($A93="","",$L93-$K93+1) | O93: =IF($A93="","",IF(OR($I93="Completed",$I93="Cancelled"),0,$L93-TODAY())) | S93: =IF($A93="","",IF(AND($O93<0,$I93<>"Completed",$I93<>"Cancelled"),1,0)) | T93: =IF($A93="","",IF($I93="Completed",ROW(),"")) | U93: =IF($A93="","",IF(OR($I93="Not Started",$I93="Planning",$I93="Blocked"),ROW(),""))
J94: =IF($A94="","",IFERROR(INDEX(Lists!$B$2:$B$10,MATCH($I94,Lists!$A$2:$A$10,0)),"")) | N94: =IF($A94="","",$L94-$K94+1) | O94: =IF($A94="","",IF(OR($I94="Completed",$I94="Cancelled"),0,$L94-TODAY())) | S94: =IF($A94="","",IF(AND($O94<0,$I94<>"Completed",$I94<>"Cancelled"),1,0)) | T94: =IF($A94="","",IF($I94="Completed",ROW(),"")) | U94: =IF($A94="","",IF(OR($I94="Not Started",$I94="Planning",$I94="Blocked"),ROW(),""))
J95: =IF($A95="","",IFERROR(INDEX(Lists!$B$2:$B$10,MATCH($I95,Lists!$A$2:$A$10,0)),"")) | N95: =IF($A95="","",$L95-$K95+1) | O95: =IF($A95="","",IF(OR($I95="Completed",$I95="Cancelled"),0,$L95-TODAY())) | S95: =IF($A95="","",IF(AND($O95<0,$I95<>"Completed",$I95<>"Cancelled"),1,0)) | T95: =IF($A95="","",IF($I95="Completed",ROW(),"")) | U95: =IF($A95="","",IF(OR($I95="Not Started",$I95="Planning",$I95="Blocked"),ROW(),""))
J96: =IF($A96="","",IFERROR(INDEX(Lists!$B$2:$B$10,MATCH($I96,Lists!$A$2:$A$10,0)),"")) | N96: =IF($A96="","",$L96-$K96+1) | O96: =IF($A96="","",IF(OR($I96="Completed",$I96="Cancelled"),0,$L96-TODAY())) | S96: =IF($A96="","",IF(AND($O96<0,$I96<>"Completed",$I96<>"Cancelled"),1,0)) | T96: =IF($A96="","",IF($I96="Completed",ROW(),"")) | U96: =IF($A96="","",IF(OR($I96="Not Started",$I96="Planning",$I96="Blocked"),ROW(),""))
J97: =IF($A97="","",IFERROR(INDEX(Lists!$B$2:$B$10,MATCH($I97,Lists!$A$2:$A$10,0)),"")) | N97: =IF($A97="","",$L97-$K97+1) | O97: =IF($A97="","",IF(OR($I97="Completed",$I97="Cancelled"),0,$L97-TODAY())) | S97: =IF($A97="","",IF(AND($O97<0,$I97<>"Completed",$I97<>"Cancelled"),1,0)) | T97: =IF($A97="","",IF($I97="Completed",ROW(),"")) | U97: =IF($A97="","",IF(OR($I97="Not Started",$I97="Planning",$I97="Blocked"),ROW(),""))
J98: =IF($A98="","",IFERROR(INDEX(Lists!$B$2:$B$10,MATCH($I98,Lists!$A$2:$A$10,0)),"")) | N98: =IF($A98="","",$L98-$K98+1) | O98: =IF($A98="","",IF(OR($I98="Completed",$I98="Cancelled"),0,$L98-TODAY())) | S98: =IF($A98="","",IF(AND($O98<0,$I98<>"Completed",$I98<>"Cancelled"),1,0)) | T98: =IF($A98="","",IF($I98="Completed",ROW(),"")) | U98: =IF($A98="","",IF(OR($I98="Not Started",$I98="Planning",$I98="Blocked"),ROW(),""))
J99: =IF($A99="","",IFERROR(INDEX(Lists!$B$2:$B$10,MATCH($I99,Lists!$A$2:$A$10,0)),"")) | N99: =IF($A99="","",$L99-$K99+1) | O99: =IF($A99="","",IF(OR($I99="Completed",$I99="Cancelled"),0,$L99-TODAY())) | S99: =IF($A99="","",IF(AND($O99<0,$I99<>"Completed",$I99<>"Cancelled"),1,0)) | T99: =IF($A99="","",IF($I99="Completed",ROW(),"")) | U99: =IF($A99="","",IF(OR($I99="Not Started",$I99="Planning",$I99="Blocked"),ROW(),""))
J100: =IF($A100="","",IFERROR(INDEX(Lists!$B$2:$B$10,MATCH($I100,Lists!$A$2:$A$10,0)),"")) | N100: =IF($A100="","",$L100-$K100+1) | O100: =IF($A100="","",IF(OR($I100="Completed",$I100="Cancelled"),0,$L100-TODAY())) | S100: =IF($A100="","",IF(AND($O100<0,$I100<>"Completed",$I100<>"Cancelled"),1,0)) | T100: =IF($A100="","",IF($I100="Completed",ROW(),"")) | U100: =IF($A100="","",IF(OR($I100="Not Started",$I100="Planning",$I100="Blocked"),ROW(),""))
J101: =IF($A101="","",IFERROR(INDEX(Lists!$B$2:$B$10,MATCH($I101,Lists!$A$2:$A$10,0)),"")) | N101: =IF($A101="","",$L101-$K101+1) | O101: =IF($A101="","",IF(OR($I101="Completed",$I101="Cancelled"),0,$L101-TODAY())) | S101: =IF($A101="","",IF(AND($O101<0,$I101<>"Completed",$I101<>"Cancelled"),1,0)) | T101: =IF($A101="","",IF($I101="Completed",ROW(),"")) | U101: =IF($A101="","",IF(OR($I101="Not Started",$I101="Planning",$I101="Blocked"),ROW(),""))
J102: =IF($A102="","",IFERROR(INDEX(Lists!$B$2:$B$10,MATCH($I102,Lists!$A$2:$A$10,0)),"")) | N102: =IF($A102="","",$L102-$K102+1) | O102: =IF($A102="","",IF(OR($I102="Completed",$I102="Cancelled"),0,$L102-TODAY())) | S102: =IF($A102="","",IF(AND($O102<0,$I102<>"Completed",$I102<>"Cancelled"),1,0)) | T102: =IF($A102="","",IF($I102="Completed",ROW(),"")) | U102: =IF($A102="","",IF(OR($I102="Not Started",$I102="Planning",$I102="Blocked"),ROW(),""))
J103: =IF($A103="","",IFERROR(INDEX(Lists!$B$2:$B$10,MATCH($I103,Lists!$A$2:$A$10,0)),"")) | N103: =IF($A103="","",$L103-$K103+1) | O103: =IF($A103="","",IF(OR($I103="Completed",$I103="Cancelled"),0,$L103-TODAY())) | S103: =IF($A103="","",IF(AND($O103<0,$I103<>"Completed",$I103<>"Cancelled"),1,0)) | T103: =IF($A103="","",IF($I103="Completed",ROW(),"")) | U103: =IF($A103="","",IF(OR($I103="Not Started",$I103="Planning",$I103="Blocked"),ROW(),""))
... J600: =IF($A600="","",IFERROR(INDEX(Lists!$B$2:$B$10,MATCH($I600,Lists!$A$2:$A$10,0)),"")) | N600: =IF($A600="","",$L600-$K600+1) | O600: =IF($A600="","",IF(OR($I600="Completed",$I600="Cancelled"),0,$L600-TODAY())) | S600: =IF($A600="","",IF(AND($O600<0,$I600<>"Completed",$I600<>"Cancelled"),1,0)) | T600: =IF($A600="","",IF($I600="Completed",ROW(),"")) | U600: =IF($A600="","",IF(OR($I600="Not Started",$I600="Planning",$I600="Blocked"),ROW(),""))

Sheet Completed Work
A1: _RowRef | B1: Task | C1: Module | D1: Completed By | E1: Completion Date | F1: Duration | G1: Lessons Learned
A2: =IFERROR(SMALL('Master Task List'!$T$2:$T$600,1),"") -> 2 | B2: =IF($A2="","",INDEX('Master Task List'!$D:$D,$A2)) -> إعداد ميثاق المشروع | C2: =IF($A2="","",INDEX('Master Task List'!$B:$B,$A2)) -> Project Planning | D2: =IF($A2="","",INDEX('Master Task List'!$G:$G,$A2)) -> سارة العتيبي | E2: =IF($A2="","",INDEX('Master Task List'!$M:$M,$A2)) -> 46034 | F2: =IF($A2="","",INDEX('Master Task List'!$N:$N,$A2)) -> 10
A3: =IFERROR(SMALL('Master Task List'!$T$2:$T$600,2),"") -> 3 | B3: =IF($A3="","",INDEX('Master Task List'!$D:$D,$A3)) -> بناء خطة العمل الزمنية | C3: =IF($A3="","",INDEX('Master Task List'!$B:$B,$A3)) -> Project Planning | D3: =IF($A3="","",INDEX('Master Task List'!$G:$G,$A3)) -> سارة العتيبي | E3: =IF($A3="","",INDEX('Master Task List'!$M:$M,$A3)) -> 46049 | F3: =IF($A3="","",INDEX('Master Task List'!$N:$N,$A3)) -> 10
A4: =IFERROR(SMALL('Master Task List'!$T$2:$T$600,3),"") -> 4 | B4: =IF($A4="","",INDEX('Master Task List'!$D:$D,$A4)) -> تخصيص فريق العمل | C4: =IF($A4="","",INDEX('Master Task List'!$B:$B,$A4)) -> Project Planning | D4: =IF($A4="","",INDEX('Master Task List'!$G:$G,$A4)) -> سارة العتيبي | E4: =IF($A4="","",INDEX('Master Task List'!$M:$M,$A4)) -> 46054 | F4: =IF($A4="","",INDEX('Master Task List'!$N:$N,$A4)) -> 10
A5: =IFERROR(SMALL('Master Task List'!$T$2:$T$600,4),"") -> 5 | B5: =IF($A5="","",INDEX('Master Task List'!$D:$D,$A5)) -> جمع متطلبات الضمانات | C5: =IF($A5="","",INDEX('Master Task List'!$B:$B,$A5)) -> Business Analysis | D5: =IF($A5="","",INDEX('Master Task List'!$G:$G,$A5)) -> محمد القحطاني | E5: =IF($A5="","",INDEX('Master Task List'!$M:$M,$A5)) -> 46054 | F5: =IF($A5="","",INDEX('Master Task List'!$N:$N,$A5)) -> 15
A6: =IFERROR(SMALL('Master Task List'!$T$2:$T$600,5),"") -> 6 | B6: =IF($A6="","",INDEX('Master Task List'!$D:$D,$A6)) -> تحليل نموذج العمل | C6: =IF($A6="","",INDEX('Master Task List'!$B:$B,$A6)) -> Business Analysis | D6: =IF($A6="","",INDEX('Master Task List'!$G:$G,$A6)) -> محمد القحطاني | E6: =IF($A6="","",INDEX('Master Task List'!$M:$M,$A6)) -> 46075 | F6: =IF($A6="","",INDEX('Master Task List'!$N:$N,$A6)) -> 16
A7: =IFERROR(SMALL('Master Task List'!$T$2:$T$600,6),"") -> 7 | B7: =IF($A7="","",INDEX('Master Task List'!$D:$D,$A7)) -> إعداد وثيقة المتطلبات (BRD) | C7: =IF($A7="","",INDEX('Master Task List'!$B:$B,$A7)) -> Business Analysis | D7: =IF($A7="","",INDEX('Master Task List'!$G:$G,$A7)) -> محمد القحطاني | E7: =IF($A7="","",INDEX('Master Task List'!$M:$M,$A7)) -> 46085 | F7: =IF($A7="","",INDEX('Master Task List'!$N:$N,$A7)) -> 15
A8: =IFERROR(SMALL('Master Task List'!$T$2:$T$600,7),"") -> 8 | B8: =IF($A8="","",INDEX('Master Task List'!$D:$D,$A8)) -> بناء خرائط تدفق المستخدم | C8: =IF($A8="","",INDEX('Master Task List'!$B:$B,$A8)) -> UI/UX Design | D8: =IF($A8="","",INDEX('Master Task List'!$G:$G,$A8)) -> نورة الدوسري | E8: =IF($A8="","",INDEX('Master Task List'!$M:$M,$A8)) -> 46090 | F8: =IF($A8="","",INDEX('Master Task List'!$N:$N,$A8)) -> 20
A9: =IFERROR(SMALL('Master Task List'!$T$2:$T$600,8),"") -> 9 | B9: =IF($A9="","",INDEX('Master Task List'!$D:$D,$A9)) -> تصميم نظام التصميم (Design System) | C9: =IF($A9="","",INDEX('Master Task List'!$B:$B,$A9)) -> UI/UX Design | D9: =IF($A9="","",INDEX('Master Task List'!$G:$G,$A9)) -> نورة الدوسري | E9: =IF($A9="","",INDEX('Master Task List'!$M:$M,$A9)) -> 46115 | F9: =IF($A9="","",INDEX('Master Task List'!$N:$N,$A9)) -> 20
A10: =IFERROR(SMALL('Master Task List'!$T$2:$T$600,9),"") -> 10 | B10: =IF($A10="","",INDEX('Master Task List'!$D:$D,$A10)) -> تصميم النماذج التفاعلية (Prototype) | C10: =IF($A10="","",INDEX('Master Task List'!$B:$B,$A10)) -> UI/UX Design | D10: =IF($A10="","",INDEX('Master Task List'!$G:$G,$A10)) -> نورة الدوسري | E10: =IF($A10="","",INDEX('Master Task List'!$M:$M,$A10)) -> 46130 | F10: =IF($A10="","",INDEX('Master Task List'!$N:$N,$A10)) -> 20
A11: =IFERROR(SMALL('Master Task List'!$T$2:$T$600,10),"") -> 11 | B11: =IF($A11="","",INDEX('Master Task List'!$D:$D,$A11)) -> تصميم الشعار وتصميم الهوية | C11: =IF($A11="","",INDEX('Master Task List'!$B:$B,$A11)) -> Branding | D11: =IF($A11="","",INDEX('Master Task List'!$G:$G,$A11)) -> عبدالله الشمري | E11: =IF($A11="","",INDEX('Master Task List'!$M:$M,$A11)) -> 46085 | F11: =IF($A11="","",INDEX('Master Task List'!$N:$N,$A11)) -> 15
A12: =IFERROR(SMALL('Master Task List'!$T$2:$T$600,11),"") -> 12 | B12: =IF($A12="","",INDEX('Master Task List'!$D:$D,$A12)) -> تطوير دليل العلامة التجارية | C12: =IF($A12="","",INDEX('Master Task List'!$B:$B,$A12)) -> Branding | D12: =IF($A12="","",INDEX('Master Task List'!$G:$G,$A12)) -> عبدالله الشمري | E12: =IF($A12="","",INDEX('Master Task List'!$M:$M,$A12)) -> 46105 | F12: =IF($A12="","",INDEX('Master Task List'!$N:$N,$A12)) -> 15
A13: =IFERROR(SMALL('Master Task List'!$T$2:$T$600,12),"") -> 13 | B13: =IF($A13="","",INDEX('Master Task List'!$D:$D,$A13)) -> تصميم مواد تسويقية أولية | C13: =IF($A13="","",INDEX('Master Task List'!$B:$B,$A13)) -> Branding | D13: =IF($A13="","",INDEX('Master Task List'!$G:$G,$A13)) -> عبدالله الشمري | E13: =IF($A13="","",INDEX('Master Task List'!$M:$M,$A13)) -> 46115 | F13: =IF($A13="","",INDEX('Master Task List'!$N:$N,$A13)) -> 15
A14: =IFERROR(SMALL('Master Task List'!$T$2:$T$600,13),"") -> 20 | B14: =IF($A14="","",INDEX('Master Task List'!$D:$D,$A14)) -> تطوير تسجيل الدخول وكلمة المرور | C14: =IF($A14="","",INDEX('Master Task List'!$B:$B,$A14)) -> Authentication | D14: =IF($A14="","",INDEX('Master Task List'!$G:$G,$A14)) -> خالد الغامدي | E14: =IF($A14="","",INDEX('Master Task List'!$M:$M,$A14)) -> 46135 | F14: =IF($A14="","",INDEX('Master Task List'!$N:$N,$A14)) -> 20
A15: =IFERROR(SMALL('Master Task List'!$T$2:$T$600,14),"") -> 21 | B15: =IF($A15="","",INDEX('Master Task List'!$D:$D,$A15)) -> دمج المصادقة الثنائية (OTP) | C15: =IF($A15="","",INDEX('Master Task List'!$B:$B,$A15)) -> Authentication | D15: =IF($A15="","",INDEX('Master Task List'!$G:$G,$A15)) -> خالد الغامدي | E15: =IF($A15="","",INDEX('Master Task List'!$M:$M,$A15)) -> 46161 | F15: =IF($A15="","",INDEX('Master Task List'!$N:$N,$A15)) -> 21
A16: =IFERROR(SMALL('Master Task List'!$T$2:$T$600,15),"") -> 22 | B16: =IF($A16="","",INDEX('Master Task List'!$D:$D,$A16)) -> دمج تسجيل الدخول الموحد (SSO/نفاذ) | C16: =IF($A16="","",INDEX('Master Task List'!$B:$B,$A16)) -> Authentication | D16: =IF($A16="","",INDEX('Master Task List'!$G:$G,$A16)) -> خالد الغامدي | E16: =IF($A16="","",INDEX('Master Task List'!$M:$M,$A16)) -> 46176 | F16: =IF($A16="","",INDEX('Master Task List'!$N:$N,$A16)) -> 20
A17: =IFERROR(SMALL('Master Task List'!$T$2:$T$600,16),"") -> 23 | B17: =IF($A17="","",INDEX('Master Task List'!$D:$D,$A17)) -> بناء نظام الأدوار والصلاحيات | C17: =IF($A17="","",INDEX('Master Task List'!$B:$B,$A17)) -> User Management | D17: =IF($A17="","",INDEX('Master Task List'!$G:$G,$A17)) -> لمياء العنزي | E17: =IF($A17="","",INDEX('Master Task List'!$M:$M,$A17)) -> 46171 | F17: =IF($A17="","",INDEX('Master Task List'!$N:$N,$A17)) -> 25
A18: =IFERROR(SMALL('Master Task List'!$T$2:$T$600,17),"") | B18: =IF($A18="","",INDEX('Master Task List'!$D:$D,$A18)) | C18: =IF($A18="","",INDEX('Master Task List'!$B:$B,$A18)) | D18: =IF($A18="","",INDEX('Master Task List'!$G:$G,$A18)) | E18: =IF($A18="","",INDEX('Master Task List'!$M:$M,$A18)) | F18: =IF($A18="","",INDEX('Master Task List'!$N:$N,$A18))
A19: =IFERROR(SMALL('Master Task List'!$T$2:$T$600,18),"") | B19: =IF($A19="","",INDEX('Master Task List'!$D:$D,$A19)) | C19: =IF($A19="","",INDEX('Master Task List'!$B:$B,$A19)) | D19: =IF($A19="","",INDEX('Master Task List'!$G:$G,$A19)) | E19: =IF($A19="","",INDEX('Master Task List'!$M:$M,$A19)) | F19: =IF($A19="","",INDEX('Master Task List'!$N:$N,$A19))
A20: =IFERROR(SMALL('Master Task List'!$T$2:$T$600,19),"") | B20: =IF($A20="","",INDEX('Master Task List'!$D:$D,$A20)) | C20: =IF($A20="","",INDEX('Master Task List'!$B:$B,$A20)) | D20: =IF($A20="","",INDEX('Master Task List'!$G:$G,$A20)) | E20: =IF($A20="","",INDEX('Master Task List'!$M:$M,$A20)) | F20: =IF($A20="","",INDEX('Master Task List'!$N:$N,$A20))
A21: =IFERROR(SMALL('Master Task List'!$T$2:$T$600,20),"") | B21: =IF($A21="","",INDEX('Master Task List'!$D:$D,$A21)) | C21: =IF($A21="","",INDEX('Master Task List'!$B:$B,$A21)) | D21: =IF($A21="","",INDEX('Master Task List'!$G:$G,$A21)) | E21: =IF($A21="","",INDEX('Master Task List'!$M:$M,$A21)) | F21: =IF($A21="","",INDEX('Master Task List'!$N:$N,$A21))
A22: =IFERROR(SMALL('Master Task List'!$T$2:$T$600,21),"") | B22: =IF($A22="","",INDEX('Master Task List'!$D:$D,$A22)) | C22: =IF($A22="","",INDEX('Master Task List'!$B:$B,$A22)) | D22: =IF($A22="","",INDEX('Master Task List'!$G:$G,$A22)) | E22: =IF($A22="","",INDEX('Master Task List'!$M:$M,$A22)) | F22: =IF($A22="","",INDEX('Master Task List'!$N:$N,$A22))
A23: =IFERROR(SMALL('Master Task List'!$T$2:$T$600,22),"") | B23: =IF($A23="","",INDEX('Master Task List'!$D:$D,$A23)) | C23: =IF($A23="","",INDEX('Master Task List'!$B:$B,$A23)) | D23: =IF($A23="","",INDEX('Master Task List'!$G:$G,$A23)) | E23: =IF($A23="","",INDEX('Master Task List'!$M:$M,$A23)) | F23: =IF($A23="","",INDEX('Master Task List'!$N:$N,$A23))
A24: =IFERROR(SMALL('Master Task List'!$T$2:$T$600,23),"") | B24: =IF($A24="","",INDEX('Master Task List'!$D:$D,$A24)) | C24: =IF($A24="","",INDEX('Master Task List'!$B:$B,$A24)) | D24: =IF($A24="","",INDEX('Master Task List'!$G:$G,$A24)) | E24: =IF($A24="","",INDEX('Master Task List'!$M:$M,$A24)) | F24: =IF($A24="","",INDEX('Master Task List'!$N:$N,$A24))
A25: =IFERROR(SMALL('Master Task List'!$T$2:$T$600,24),"") | B25: =IF($A25="","",INDEX('Master Task List'!$D:$D,$A25)) | C25: =IF($A25="","",INDEX('Master Task List'!$B:$B,$A25)) | D25: =IF($A25="","",INDEX('Master Task List'!$G:$G,$A25)) | E25: =IF($A25="","",INDEX('Master Task List'!$M:$M,$A25)) | F25: =IF($A25="","",INDEX('Master Task List'!$N:$N,$A25))
A26: =IFERROR(SMALL('Master Task List'!$T$2:$T$600,25),"") | B26: =IF($A26="","",INDEX('Master Task List'!$D:$D,$A26)) | C26: =IF($A26="","",INDEX('Master Task List'!$B:$B,$A26)) | D26: =IF($A26="","",INDEX('Master Task List'!$G:$G,$A26)) | E26: =IF($A26="","",INDEX('Master Task List'!$M:$M,$A26)) | F26: =IF($A26="","",INDEX('Master Task List'!$N:$N,$A26))
A27: =IFERROR(SMALL('Master Task List'!$T$2:$T$600,26),"") | B27: =IF($A27="","",INDEX('Master Task List'!$D:$D,$A27)) | C27: =IF($A27="","",INDEX('Master Task List'!$B:$B,$A27)) | D27: =IF($A27="","",INDEX('Master Task List'!$G:$G,$A27)) | E27: =IF($A27="","",INDEX('Master Task List'!$M:$M,$A27)) | F27: =IF($A27="","",INDEX('Master Task List'!$N:$N,$A27))
A28: =IFERROR(SMALL('Master Task List'!$T$2:$T$600,27),"") | B28: =IF($A28="","",INDEX('Master Task List'!$D:$D,$A28)) | C28: =IF($A28="","",INDEX('Master Task List'!$B:$B,$A28)) | D28: =IF($A28="","",INDEX('Master Task List'!$G:$G,$A28)) | E28: =IF($A28="","",INDEX('Master Task List'!$M:$M,$A28)) | F28: =IF($A28="","",INDEX('Master Task List'!$N:$N,$A28))
A29: =IFERROR(SMALL('Master Task List'!$T$2:$T$600,28),"") | B29: =IF($A29="","",INDEX('Master Task List'!$D:$D,$A29)) | C29: =IF($A29="","",INDEX('Master Task List'!$B:$B,$A29)) | D29: =IF($A29="","",INDEX('Master Task List'!$G:$G,$A29)) | E29: =IF($A29="","",INDEX('Master Task List'!$M:$M,$A29)) | F29: =IF($A29="","",INDEX('Master Task List'!$N:$N,$A29))
A30: =IFERROR(SMALL('Master Task List'!$T$2:$T$600,29),"") | B30: =IF($A30="","",INDEX('Master Task List'!$D:$D,$A30)) | C30: =IF($A30="","",INDEX('Master Task List'!$B:$B,$A30)) | D30: =IF($A30="","",INDEX('Master Task List'!$G:$G,$A30)) | E30: =IF($A30="","",INDEX('Master Task List'!$M:$M,$A30)) | F30: =IF($A30="","",INDEX('Master Task List'!$N:$N,$A30))
A31: =IFERROR(SMALL('Master Task List'!$T$2:$T$600,30),"") | B31: =IF($A31="","",INDEX('Master Task List'!$D:$D,$A31)) | C31: =IF($A31="","",INDEX('Master Task List'!$B:$B,$A31)) | D31: =IF($A31="","",INDEX('Master Task List'!$G:$G,$A31)) | E31: =IF($A31="","",INDEX('Master Task List'!$M:$M,$A31)) | F31: =IF($A31="","",INDEX('Master Task List'!$N:$N,$A31))
A32: =IFERROR(SMALL('Master Task List'!$T$2:$T$600,31),"") | B32: =IF($A32="","",INDEX('Master Task List'!$D:$D,$A32)) | C32: =IF($A32="","",INDEX('Master Task List'!$B:$B,$A32)) | D32: =IF($A32="","",INDEX('Master Task List'!$G:$G,$A32)) | E32: =IF($A32="","",INDEX('Master Task List'!$M:$M,$A32)) | F32: =IF($A32="","",INDEX('Master Task List'!$N:$N,$A32))
A33: =IFERROR(SMALL('Master Task List'!$T$2:$T$600,32),"") | B33: =IF($A33="","",INDEX('Master Task List'!$D:$D,$A33)) | C33: =IF($A33="","",INDEX('Master Task List'!$B:$B,$A33)) | D33: =IF($A33="","",INDEX('Master Task List'!$G:$G,$A33)) | E33: =IF($A33="","",INDEX('Master Task List'!$M:$M,$A33)) | F33: =IF($A33="","",INDEX('Master Task List'!$N:$N,$A33))
A34: =IFERROR(SMALL('Master Task List'!$T$2:$T$600,33),"") | B34: =IF($A34="","",INDEX('Master Task List'!$D:$D,$A34)) | C34: =IF($A34="","",INDEX('Master Task List'!$B:$B,$A34)) | D34: =IF($A34="","",INDEX('Master Task List'!$G:$G,$A34)) | E34: =IF($A34="","",INDEX('Master Task List'!$M:$M,$A34)) | F34: =IF($A34="","",INDEX('Master Task List'!$N:$N,$A34))
A35: =IFERROR(SMALL('Master Task List'!$T$2:$T$600,34),"") | B35: =IF($A35="","",INDEX('Master Task List'!$D:$D,$A35)) | C35: =IF($A35="","",INDEX('Master Task List'!$B:$B,$A35)) | D35: =IF($A35="","",INDEX('Master Task List'!$G:$G,$A35)) | E35: =IF($A35="","",INDEX('Master Task List'!$M:$M,$A35)) | F35: =IF($A35="","",INDEX('Master Task List'!$N:$N,$A35))
A36: =IFERROR(SMALL('Master Task List'!$T$2:$T$600,35),"") | B36: =IF($A36="","",INDEX('Master Task List'!$D:$D,$A36)) | C36: =IF($A36="","",INDEX('Master Task List'!$B:$B,$A36)) | D36: =IF($A36="","",INDEX('Master Task List'!$G:$G,$A36)) | E36: =IF($A36="","",INDEX('Master Task List'!$M:$M,$A36)) | F36: =IF($A36="","",INDEX('Master Task List'!$N:$N,$A36))
A37: =IFERROR(SMALL('Master Task List'!$T$2:$T$600,36),"") | B37: =IF($A37="","",INDEX('Master Task List'!$D:$D,$A37)) | C37: =IF($A37="","",INDEX('Master Task List'!$B:$B,$A37)) | D37: =IF($A37="","",INDEX('Master Task List'!$G:$G,$A37)) | E37: =IF($A37="","",INDEX('Master Task List'!$M:$M,$A37)) | F37: =IF($A37="","",INDEX('Master Task List'!$N:$N,$A37))
A38: =IFERROR(SMALL('Master Task List'!$T$2:$T$600,37),"") | B38: =IF($A38="","",INDEX('Master Task List'!$D:$D,$A38)) | C38: =IF($A38="","",INDEX('Master Task List'!$B:$B,$A38)) | D38: =IF($A38="","",INDEX('Master Task List'!$G:$G,$A38)) | E38: =IF($A38="","",INDEX('Master Task List'!$M:$M,$A38)) | F38: =IF($A38="","",INDEX('Master Task List'!$N:$N,$A38))
A39: =IFERROR(SMALL('Master Task List'!$T$2:$T$600,38),"") | B39: =IF($A39="","",INDEX('Master Task List'!$D:$D,$A39)) | C39: =IF($A39="","",INDEX('Master Task List'!$B:$B,$A39)) | D39: =IF($A39="","",INDEX('Master Task List'!$G:$G,$A39)) | E39: =IF($A39="","",INDEX('Master Task List'!$M:$M,$A39)) | F39: =IF($A39="","",INDEX('Master Task List'!$N:$N,$A39))
A40: =IFERROR(SMALL('Master Task List'!$T$2:$T$600,39),"") | B40: =IF($A40="","",INDEX('Master Task List'!$D:$D,$A40)) | C40: =IF($A40="","",INDEX('Master Task List'!$B:$B,$A40)) | D40: =IF($A40="","",INDEX('Master Task List'!$G:$G,$A40)) | E40: =IF($A40="","",INDEX('Master Task List'!$M:$M,$A40)) | F40: =IF($A40="","",INDEX('Master Task List'!$N:$N,$A40))
A41: =IFERROR(SMALL('Master Task List'!$T$2:$T$600,40),"") | B41: =IF($A41="","",INDEX('Master Task List'!$D:$D,$A41)) | C41: =IF($A41="","",INDEX('Master Task List'!$B:$B,$A41)) | D41: =IF($A41="","",INDEX('Master Task List'!$G:$G,$A41)) | E41: =IF($A41="","",INDEX('Master Task List'!$M:$M,$A41)) | F41: =IF($A41="","",INDEX('Master Task List'!$N:$N,$A41))
A42: =IFERROR(SMALL('Master Task List'!$T$2:$T$600,41),"") | B42: =IF($A42="","",INDEX('Master Task List'!$D:$D,$A42)) | C42: =IF($A42="","",INDEX('Master Task List'!$B:$B,$A42)) | D42: =IF($A42="","",INDEX('Master Task List'!$G:$G,$A42)) | E42: =IF($A42="","",INDEX('Master Task List'!$M:$M,$A42)) | F42: =IF($A42="","",INDEX('Master Task List'!$N:$N,$A42))
A43: =IFERROR(SMALL('Master Task List'!$T$2:$T$600,42),"") | B43: =IF($A43="","",INDEX('Master Task List'!$D:$D,$A43)) | C43: =IF($A43="","",INDEX('Master Task List'!$B:$B,$A43)) | D43: =IF($A43="","",INDEX('Master Task List'!$G:$G,$A43)) | E43: =IF($A43="","",INDEX('Master Task List'!$M:$M,$A43)) | F43: =IF($A43="","",INDEX('Master Task List'!$N:$N,$A43))
A44: =IFERROR(SMALL('Master Task List'!$T$2:$T$600,43),"") | B44: =IF($A44="","",INDEX('Master Task List'!$D:$D,$A44)) | C44: =IF($A44="","",INDEX('Master Task List'!$B:$B,$A44)) | D44: =IF($A44="","",INDEX('Master Task List'!$G:$G,$A44)) | E44: =IF($A44="","",INDEX('Master Task List'!$M:$M,$A44)) | F44: =IF($A44="","",INDEX('Master Task List'!$N:$N,$A44))
A45: =IFERROR(SMALL('Master Task List'!$T$2:$T$600,44),"") | B45: =IF($A45="","",INDEX('Master Task List'!$D:$D,$A45)) | C45: =IF($A45="","",INDEX('Master Task List'!$B:$B,$A45)) | D45: =IF($A45="","",INDEX('Master Task List'!$G:$G,$A45)) | E45: =IF($A45="","",INDEX('Master Task List'!$M:$M,$A45)) | F45: =IF($A45="","",INDEX('Master Task List'!$N:$N,$A45))
A46: =IFERROR(SMALL('Master Task List'!$T$2:$T$600,45),"") | B46: =IF($A46="","",INDEX('Master Task List'!$D:$D,$A46)) | C46: =IF($A46="","",INDEX('Master Task List'!$B:$B,$A46)) | D46: =IF($A46="","",INDEX('Master Task List'!$G:$G,$A46)) | E46: =IF($A46="","",INDEX('Master Task List'!$M:$M,$A46)) | F46: =IF($A46="","",INDEX('Master Task List'!$N:$N,$A46))
A47: =IFERROR(SMALL('Master Task List'!$T$2:$T$600,46),"") | B47: =IF($A47="","",INDEX('Master Task List'!$D:$D,$A47)) | C47: =IF($A47="","",INDEX('Master Task List'!$B:$B,$A47)) | D47: =IF($A47="","",INDEX('Master Task List'!$G:$G,$A47)) | E47: =IF($A47="","",INDEX('Master Task List'!$M:$M,$A47)) | F47: =IF($A47="","",INDEX('Master Task List'!$N:$N,$A47))
A48: =IFERROR(SMALL('Master Task List'!$T$2:$T$600,47),"") | B48: =IF($A48="","",INDEX('Master Task List'!$D:$D,$A48)) | C48: =IF($A48="","",INDEX('Master Task List'!$B:$B,$A48)) | D48: =IF($A48="","",INDEX('Master Task List'!$G:$G,$A48)) | E48: =IF($A48="","",INDEX('Master Task List'!$M:$M,$A48)) | F48: =IF($A48="","",INDEX('Master Task List'!$N:$N,$A48))
A49: =IFERROR(SMALL('Master Task List'!$T$2:$T$600,48),"") | B49: =IF($A49="","",INDEX('Master Task List'!$D:$D,$A49)) | C49: =IF($A49="","",INDEX('Master Task List'!$B:$B,$A49)) | D49: =IF($A49="","",INDEX('Master Task List'!$G:$G,$A49)) | E49: =IF($A49="","",INDEX('Master Task List'!$M:$M,$A49)) | F49: =IF($A49="","",INDEX('Master Task List'!$N:$N,$A49))
A50: =IFERROR(SMALL('Master Task List'!$T$2:$T$600,49),"") | B50: =IF($A50="","",INDEX('Master Task List'!$D:$D,$A50)) | C50: =IF($A50="","",INDEX('Master Task List'!$B:$B,$A50)) | D50: =IF($A50="","",INDEX('Master Task List'!$G:$G,$A50)) | E50: =IF($A50="","",INDEX('Master Task List'!$M:$M,$A50)) | F50: =IF($A50="","",INDEX('Master Task List'!$N:$N,$A50))
A51: =IFERROR(SMALL('Master Task List'!$T$2:$T$600,50),"") | B51: =IF($A51="","",INDEX('Master Task List'!$D:$D,$A51)) | C51: =IF($A51="","",INDEX('Master Task List'!$B:$B,$A51)) | D51: =IF($A51="","",INDEX('Master Task List'!$G:$G,$A51)) | E51: =IF($A51="","",INDEX('Master Task List'!$M:$M,$A51)) | F51: =IF($A51="","",INDEX('Master Task List'!$N:$N,$A51))
A52: =IFERROR(SMALL('Master Task List'!$T$2:$T$600,51),"") | B52: =IF($A52="","",INDEX('Master Task List'!$D:$D,$A52)) | C52: =IF($A52="","",INDEX('Master Task List'!$B:$B,$A52)) | D52: =IF($A52="","",INDEX('Master Task List'!$G:$G,$A52)) | E52: =IF($A52="","",INDEX('Master Task List'!$M:$M,$A52)) | F52: =IF($A52="","",INDEX('Master Task List'!$N:$N,$A52))
A53: =IFERROR(SMALL('Master Task List'!$T$2:$T$600,52),"") | B53: =IF($A53="","",INDEX('Master Task List'!$D:$D,$A53)) | C53: =IF($A53="","",INDEX('Master Task List'!$B:$B,$A53)) | D53: =IF($A53="","",INDEX('Master Task List'!$G:$G,$A53)) | E53: =IF($A53="","",INDEX('Master Task List'!$M:$M,$A53)) | F53: =IF($A53="","",INDEX('Master Task List'!$N:$N,$A53))
A54: =IFERROR(SMALL('Master Task List'!$T$2:$T$600,53),"") | B54: =IF($A54="","",INDEX('Master Task List'!$D:$D,$A54)) | C54: =IF($A54="","",INDEX('Master Task List'!$B:$B,$A54)) | D54: =IF($A54="","",INDEX('Master Task List'!$G:$G,$A54)) | E54: =IF($A54="","",INDEX('Master Task List'!$M:$M,$A54)) | F54: =IF($A54="","",INDEX('Master Task List'!$N:$N,$A54))
A55: =IFERROR(SMALL('Master Task List'!$T$2:$T$600,54),"") | B55: =IF($A55="","",INDEX('Master Task List'!$D:$D,$A55)) | C55: =IF($A55="","",INDEX('Master Task List'!$B:$B,$A55)) | D55: =IF($A55="","",INDEX('Master Task List'!$G:$G,$A55)) | E55: =IF($A55="","",INDEX('Master Task List'!$M:$M,$A55)) | F55: =IF($A55="","",INDEX('Master Task List'!$N:$N,$A55))
A56: =IFERROR(SMALL('Master Task List'!$T$2:$T$600,55),"") | B56: =IF($A56="","",INDEX('Master Task List'!$D:$D,$A56)) | C56: =IF($A56="","",INDEX('Master Task List'!$B:$B,$A56)) | D56: =IF($A56="","",INDEX('Master Task List'!$G:$G,$A56)) | E56: =IF($A56="","",INDEX('Master Task List'!$M:$M,$A56)) | F56: =IF($A56="","",INDEX('Master Task List'!$N:$N,$A56))
A57: =IFERROR(SMALL('Master Task List'!$T$2:$T$600,56),"") | B57: =IF($A57="","",INDEX('Master Task List'!$D:$D,$A57)) | C57: =IF($A57="","",INDEX('Master Task List'!$B:$B,$A57)) | D57: =IF($A57="","",INDEX('Master Task List'!$G:$G,$A57)) | E57: =IF($A57="","",INDEX('Master Task List'!$M:$M,$A57)) | F57: =IF($A57="","",INDEX('Master Task List'!$N:$N,$A57))
A58: =IFERROR(SMALL('Master Task List'!$T$2:$T$600,57),"") | B58: =IF($A58="","",INDEX('Master Task List'!$D:$D,$A58)) | C58: =IF($A58="","",INDEX('Master Task List'!$B:$B,$A58)) | D58: =IF($A58="","",INDEX('Master Task List'!$G:$G,$A58)) | E58: =IF($A58="","",INDEX('Master Task List'!$M:$M,$A58)) | F58: =IF($A58="","",INDEX('Master Task List'!$N:$N,$A58))
A59: =IFERROR(SMALL('Master Task List'!$T$2:$T$600,58),"") | B59: =IF($A59="","",INDEX('Master Task List'!$D:$D,$A59)) | C59: =IF($A59="","",INDEX('Master Task List'!$B:$B,$A59)) | D59: =IF($A59="","",INDEX('Master Task List'!$G:$G,$A59)) | E59: =IF($A59="","",INDEX('Master Task List'!$M:$M,$A59)) | F59: =IF($A59="","",INDEX('Master Task List'!$N:$N,$A59))
A60: =IFERROR(SMALL('Master Task List'!$T$2:$T$600,59),"") | B60: =IF($A60="","",INDEX('Master Task List'!$D:$D,$A60)) | C60: =IF($A60="","",INDEX('Master Task List'!$B:$B,$A60)) | D60: =IF($A60="","",INDEX('Master Task List'!$G:$G,$A60)) | E60: =IF($A60="","",INDEX('Master Task List'!$M:$M,$A60)) | F60: =IF($A60="","",INDEX('Master Task List'!$N:$N,$A60))
A61: =IFERROR(SMALL('Master Task List'!$T$2:$T$600,60),"") | B61: =IF($A61="","",INDEX('Master Task List'!$D:$D,$A61)) | C61: =IF($A61="","",INDEX('Master Task List'!$B:$B,$A61)) | D61: =IF($A61="","",INDEX('Master Task List'!$G:$G,$A61)) | E61: =IF($A61="","",INDEX('Master Task List'!$M:$M,$A61)) | F61: =IF($A61="","",INDEX('Master Task List'!$N:$N,$A61))
A62: =IFERROR(SMALL('Master Task List'!$T$2:$T$600,61),"") | B62: =IF($A62="","",INDEX('Master Task List'!$D:$D,$A62)) | C62: =IF($A62="","",INDEX('Master Task List'!$B:$B,$A62)) | D62: =IF($A62="","",INDEX('Master Task List'!$G:$G,$A62)) | E62: =IF($A62="","",INDEX('Master Task List'!$M:$M,$A62)) | F62: =IF($A62="","",INDEX('Master Task List'!$N:$N,$A62))
A63: =IFERROR(SMALL('Master Task List'!$T$2:$T$600,62),"") | B63: =IF($A63="","",INDEX('Master Task List'!$D:$D,$A63)) | C63: =IF($A63="","",INDEX('Master Task List'!$B:$B,$A63)) | D63: =IF($A63="","",INDEX('Master Task List'!$G:$G,$A63)) | E63: =IF($A63="","",INDEX('Master Task List'!$M:$M,$A63)) | F63: =IF($A63="","",INDEX('Master Task List'!$N:$N,$A63))
A64: =IFERROR(SMALL('Master Task List'!$T$2:$T$600,63),"") | B64: =IF($A64="","",INDEX('Master Task List'!$D:$D,$A64)) | C64: =IF($A64="","",INDEX('Master Task List'!$B:$B,$A64)) | D64: =IF($A64="","",INDEX('Master Task List'!$G:$G,$A64)) | E64: =IF($A64="","",INDEX('Master Task List'!$M:$M,$A64)) | F64: =IF($A64="","",INDEX('Master Task List'!$N:$N,$A64))
A65: =IFERROR(SMALL('Master Task List'!$T$2:$T$600,64),"") | B65: =IF($A65="","",INDEX('Master Task List'!$D:$D,$A65)) | C65: =IF($A65="","",INDEX('Master Task List'!$B:$B,$A65)) | D65: =IF($A65="","",INDEX('Master Task List'!$G:$G,$A65)) | E65: =IF($A65="","",INDEX('Master Task List'!$M:$M,$A65)) | F65: =IF($A65="","",INDEX('Master Task List'!$N:$N,$A65))
A66: =IFERROR(SMALL('Master Task List'!$T$2:$T$600,65),"") | B66: =IF($A66="","",INDEX('Master Task List'!$D:$D,$A66)) | C66: =IF($A66="","",INDEX('Master Task List'!$B:$B,$A66)) | D66: =IF($A66="","",INDEX('Master Task List'!$G:$G,$A66)) | E66: =IF($A66="","",INDEX('Master Task List'!$M:$M,$A66)) | F66: =IF($A66="","",INDEX('Master Task List'!$N:$N,$A66))
A67: =IFERROR(SMALL('Master Task List'!$T$2:$T$600,66),"") | B67: =IF($A67="","",INDEX('Master Task List'!$D:$D,$A67)) | C67: =IF($A67="","",INDEX('Master Task List'!$B:$B,$A67)) | D67: =IF($A67="","",INDEX('Master Task List'!$G:$G,$A67)) | E67: =IF($A67="","",INDEX('Master Task List'!$M:$M,$A67)) | F67: =IF($A67="","",INDEX('Master Task List'!$N:$N,$A67))
A68: =IFERROR(SMALL('Master Task List'!$T$2:$T$600,67),"") | B68: =IF($A68="","",INDEX('Master Task List'!$D:$D,$A68)) | C68: =IF($A68="","",INDEX('Master Task List'!$B:$B,$A68)) | D68: =IF($A68="","",INDEX('Master Task List'!$G:$G,$A68)) | E68: =IF($A68="","",INDEX('Master Task List'!$M:$M,$A68)) | F68: =IF($A68="","",INDEX('Master Task List'!$N:$N,$A68))
A69: =IFERROR(SMALL('Master Task List'!$T$2:$T$600,68),"") | B69: =IF($A69="","",INDEX('Master Task List'!$D:$D,$A69)) | C69: =IF($A69="","",INDEX('Master Task List'!$B:$B,$A69)) | D69: =IF($A69="","",INDEX('Master Task List'!$G:$G,$A69)) | E69: =IF($A69="","",INDEX('Master Task List'!$M:$M,$A69)) | F69: =IF($A69="","",INDEX('Master Task List'!$N:$N,$A69))
A70: =IFERROR(SMALL('Master Task List'!$T$2:$T$600,69),"") | B70: =IF($A70="","",INDEX('Master Task List'!$D:$D,$A70)) | C70: =IF($A70="","",INDEX('Master Task List'!$B:$B,$A70)) | D70: =IF($A70="","",INDEX('Master Task List'!$G:$G,$A70)) | E70: =IF($A70="","",INDEX('Master Task List'!$M:$M,$A70)) | F70: =IF($A70="","",INDEX('Master Task List'!$N:$N,$A70))
A71: =IFERROR(SMALL('Master Task List'!$T$2:$T$600,70),"") | B71: =IF($A71="","",INDEX('Master Task List'!$D:$D,$A71)) | C71: =IF($A71="","",INDEX('Master Task List'!$B:$B,$A71)) | D71: =IF($A71="","",INDEX('Master Task List'!$G:$G,$A71)) | E71: =IF($A71="","",INDEX('Master Task List'!$M:$M,$A71)) | F71: =IF($A71="","",INDEX('Master Task List'!$N:$N,$A71))
A72: =IFERROR(SMALL('Master Task List'!$T$2:$T$600,71),"") | B72: =IF($A72="","",INDEX('Master Task List'!$D:$D,$A72)) | C72: =IF($A72="","",INDEX('Master Task List'!$B:$B,$A72)) | D72: =IF($A72="","",INDEX('Master Task List'!$G:$G,$A72)) | E72: =IF($A72="","",INDEX('Master Task List'!$M:$M,$A72)) | F72: =IF($A72="","",INDEX('Master Task List'!$N:$N,$A72))
A73: =IFERROR(SMALL('Master Task List'!$T$2:$T$600,72),"") | B73: =IF($A73="","",INDEX('Master Task List'!$D:$D,$A73)) | C73: =IF($A73="","",INDEX('Master Task List'!$B:$B,$A73)) | D73: =IF($A73="","",INDEX('Master Task List'!$G:$G,$A73)) | E73: =IF($A73="","",INDEX('Master Task List'!$M:$M,$A73)) | F73: =IF($A73="","",INDEX('Master Task List'!$N:$N,$A73))
A74: =IFERROR(SMALL('Master Task List'!$T$2:$T$600,73),"") | B74: =IF($A74="","",INDEX('Master Task List'!$D:$D,$A74)) | C74: =IF($A74="","",INDEX('Master Task List'!$B:$B,$A74)) | D74: =IF($A74="","",INDEX('Master Task List'!$G:$G,$A74)) | E74: =IF($A74="","",INDEX('Master Task List'!$M:$M,$A74)) | F74: =IF($A74="","",INDEX('Master Task List'!$N:$N,$A74))
A75: =IFERROR(SMALL('Master Task List'!$T$2:$T$600,74),"") | B75: =IF($A75="","",INDEX('Master Task List'!$D:$D,$A75)) | C75: =IF($A75="","",INDEX('Master Task List'!$B:$B,$A75)) | D75: =IF($A75="","",INDEX('Master Task List'!$G:$G,$A75)) | E75: =IF($A75="","",INDEX('Master Task List'!$M:$M,$A75)) | F75: =IF($A75="","",INDEX('Master Task List'!$N:$N,$A75))
A76: =IFERROR(SMALL('Master Task List'!$T$2:$T$600,75),"") | B76: =IF($A76="","",INDEX('Master Task List'!$D:$D,$A76)) | C76: =IF($A76="","",INDEX('Master Task List'!$B:$B,$A76)) | D76: =IF($A76="","",INDEX('Master Task List'!$G:$G,$A76)) | E76: =IF($A76="","",INDEX('Master Task List'!$M:$M,$A76)) | F76: =IF($A76="","",INDEX('Master Task List'!$N:$N,$A76))
A77: =IFERROR(SMALL('Master Task List'!$T$2:$T$600,76),"") | B77: =IF($A77="","",INDEX('Master Task List'!$D:$D,$A77)) | C77: =IF($A77="","",INDEX('Master Task List'!$B:$B,$A77)) | D77: =IF($A77="","",INDEX('Master Task List'!$G:$G,$A77)) | E77: =IF($A77="","",INDEX('Master Task List'!$M:$M,$A77)) | F77: =IF($A77="","",INDEX('Master Task List'!$N:$N,$A77))
A78: =IFERROR(SMALL('Master Task List'!$T$2:$T$600,77),"") | B78: =IF($A78="","",INDEX('Master Task List'!$D:$D,$A78)) | C78: =IF($A78="","",INDEX('Master Task List'!$B:$B,$A78)) | D78: =IF($A78="","",INDEX('Master Task List'!$G:$G,$A78)) | E78: =IF($A78="","",INDEX('Master Task List'!$M:$M,$A78)) | F78: =IF($A78="","",INDEX('Master Task List'!$N:$N,$A78))
A79: =IFERROR(SMALL('Master Task List'!$T$2:$T$600,78),"") | B79: =IF($A79="","",INDEX('Master Task List'!$D:$D,$A79)) | C79: =IF($A79="","",INDEX('Master Task List'!$B:$B,$A79)) | D79: =IF($A79="","",INDEX('Master Task List'!$G:$G,$A79)) | E79: =IF($A79="","",INDEX('Master Task List'!$M:$M,$A79)) | F79: =IF($A79="","",INDEX('Master Task List'!$N:$N,$A79))
A80: =IFERROR(SMALL('Master Task List'!$T$2:$T$600,79),"") | B80: =IF($A80="","",INDEX('Master Task List'!$D:$D,$A80)) | C80: =IF($A80="","",INDEX('Master Task List'!$B:$B,$A80)) | D80: =IF($A80="","",INDEX('Master Task List'!$G:$G,$A80)) | E80: =IF($A80="","",INDEX('Master Task List'!$M:$M,$A80)) | F80: =IF($A80="","",INDEX('Master Task List'!$N:$N,$A80))
A81: =IFERROR(SMALL('Master Task List'!$T$2:$T$600,80),"") | B81: =IF($A81="","",INDEX('Master Task List'!$D:$D,$A81)) | C81: =IF($A81="","",INDEX('Master Task List'!$B:$B,$A81)) | D81: =IF($A81="","",INDEX('Master Task List'!$G:$G,$A81)) | E81: =IF($A81="","",INDEX('Master Task List'!$M:$M,$A81)) | F81: =IF($A81="","",INDEX('Master Task List'!$N:$N,$A81))
A82: =IFERROR(SMALL('Master Task List'!$T$2:$T$600,81),"") | B82: =IF($A82="","",INDEX('Master Task List'!$D:$D,$A82)) | C82: =IF($A82="","",INDEX('Master Task List'!$B:$B,$A82)) | D82: =IF($A82="","",INDEX('Master Task List'!$G:$G,$A82)) | E82: =IF($A82="","",INDEX('Master Task List'!$M:$M,$A82)) | F82: =IF($A82="","",INDEX('Master Task List'!$N:$N,$A82))
A83: =IFERROR(SMALL('Master Task List'!$T$2:$T$600,82),"") | B83: =IF($A83="","",INDEX('Master Task List'!$D:$D,$A83)) | C83: =IF($A83="","",INDEX('Master Task List'!$B:$B,$A83)) | D83: =IF($A83="","",INDEX('Master Task List'!$G:$G,$A83)) | E83: =IF($A83="","",INDEX('Master Task List'!$M:$M,$A83)) | F83: =IF($A83="","",INDEX('Master Task List'!$N:$N,$A83))
A84: =IFERROR(SMALL('Master Task List'!$T$2:$T$600,83),"") | B84: =IF($A84="","",INDEX('Master Task List'!$D:$D,$A84)) | C84: =IF($A84="","",INDEX('Master Task List'!$B:$B,$A84)) | D84: =IF($A84="","",INDEX('Master Task List'!$G:$G,$A84)) | E84: =IF($A84="","",INDEX('Master Task List'!$M:$M,$A84)) | F84: =IF($A84="","",INDEX('Master Task List'!$N:$N,$A84))
A85: =IFERROR(SMALL('Master Task List'!$T$2:$T$600,84),"") | B85: =IF($A85="","",INDEX('Master Task List'!$D:$D,$A85)) | C85: =IF($A85="","",INDEX('Master Task List'!$B:$B,$A85)) | D85: =IF($A85="","",INDEX('Master Task List'!$G:$G,$A85)) | E85: =IF($A85="","",INDEX('Master Task List'!$M:$M,$A85)) | F85: =IF($A85="","",INDEX('Master Task List'!$N:$N,$A85))
A86: =IFERROR(SMALL('Master Task List'!$T$2:$T$600,85),"") | B86: =IF($A86="","",INDEX('Master Task List'!$D:$D,$A86)) | C86: =IF($A86="","",INDEX('Master Task List'!$B:$B,$A86)) | D86: =IF($A86="","",INDEX('Master Task List'!$G:$G,$A86)) | E86: =IF($A86="","",INDEX('Master Task List'!$M:$M,$A86)) | F86: =IF($A86="","",INDEX('Master Task List'!$N:$N,$A86))
A87: =IFERROR(SMALL('Master Task List'!$T$2:$T$600,86),"") | B87: =IF($A87="","",INDEX('Master Task List'!$D:$D,$A87)) | C87: =IF($A87="","",INDEX('Master Task List'!$B:$B,$A87)) | D87: =IF($A87="","",INDEX('Master Task List'!$G:$G,$A87)) | E87: =IF($A87="","",INDEX('Master Task List'!$M:$M,$A87)) | F87: =IF($A87="","",INDEX('Master Task List'!$N:$N,$A87))
A88: =IFERROR(SMALL('Master Task List'!$T$2:$T$600,87),"") | B88: =IF($A88="","",INDEX('Master Task List'!$D:$D,$A88)) | C88: =IF($A88="","",INDEX('Master Task List'!$B:$B,$A88)) | D88: =IF($A88="","",INDEX('Master Task List'!$G:$G,$A88)) | E88: =IF($A88="","",INDEX('Master Task List'!$M:$M,$A88)) | F88: =IF($A88="","",INDEX('Master Task List'!$N:$N,$A88))
A89: =IFERROR(SMALL('Master Task List'!$T$2:$T$600,88),"") | B89: =IF($A89="","",INDEX('Master Task List'!$D:$D,$A89)) | C89: =IF($A89="","",INDEX('Master Task List'!$B:$B,$A89)) | D89: =IF($A89="","",INDEX('Master Task List'!$G:$G,$A89)) | E89: =IF($A89="","",INDEX('Master Task List'!$M:$M,$A89)) | F89: =IF($A89="","",INDEX('Master Task List'!$N:$N,$A89))
A90: =IFERROR(SMALL('Master Task List'!$T$2:$T$600,89),"") | B90: =IF($A90="","",INDEX('Master Task List'!$D:$D,$A90)) | C90: =IF($A90="","",INDEX('Master Task List'!$B:$B,$A90)) | D90: =IF($A90="","",INDEX('Master Task List'!$G:$G,$A90)) | E90: =IF($A90="","",INDEX('Master Task List'!$M:$M,$A90)) | F90: =IF($A90="","",INDEX('Master Task List'!$N:$N,$A90))
A91: =IFERROR(SMALL('Master Task List'!$T$2:$T$600,90),"") | B91: =IF($A91="","",INDEX('Master Task List'!$D:$D,$A91)) | C91: =IF($A91="","",INDEX('Master Task List'!$B:$B,$A91)) | D91: =IF($A91="","",INDEX('Master Task List'!$G:$G,$A91)) | E91: =IF($A91="","",INDEX('Master Task List'!$M:$M,$A91)) | F91: =IF($A91="","",INDEX('Master Task List'!$N:$N,$A91))
A92: =IFERROR(SMALL('Master Task List'!$T$2:$T$600,91),"") | B92: =IF($A92="","",INDEX('Master Task List'!$D:$D,$A92)) | C92: =IF($A92="","",INDEX('Master Task List'!$B:$B,$A92)) | D92: =IF($A92="","",INDEX('Master Task List'!$G:$G,$A92)) | E92: =IF($A92="","",INDEX('Master Task List'!$M:$M,$A92)) | F92: =IF($A92="","",INDEX('Master Task List'!$N:$N,$A92))
A93: =IFERROR(SMALL('Master Task List'!$T$2:$T$600,92),"") | B93: =IF($A93="","",INDEX('Master Task List'!$D:$D,$A93)) | C93: =IF($A93="","",INDEX('Master Task List'!$B:$B,$A93)) | D93: =IF($A93="","",INDEX('Master Task List'!$G:$G,$A93)) | E93: =IF($A93="","",INDEX('Master Task List'!$M:$M,$A93)) | F93: =IF($A93="","",INDEX('Master Task List'!$N:$N,$A93))
A94: =IFERROR(SMALL('Master Task List'!$T$2:$T$600,93),"") | B94: =IF($A94="","",INDEX('Master Task List'!$D:$D,$A94)) | C94: =IF($A94="","",INDEX('Master Task List'!$B:$B,$A94)) | D94: =IF($A94="","",INDEX('Master Task List'!$G:$G,$A94)) | E94: =IF($A94="","",INDEX('Master Task List'!$M:$M,$A94)) | F94: =IF($A94="","",INDEX('Master Task List'!$N:$N,$A94))
A95: =IFERROR(SMALL('Master Task List'!$T$2:$T$600,94),"") | B95: =IF($A95="","",INDEX('Master Task List'!$D:$D,$A95)) | C95: =IF($A95="","",INDEX('Master Task List'!$B:$B,$A95)) | D95: =IF($A95="","",INDEX('Master Task List'!$G:$G,$A95)) | E95: =IF($A95="","",INDEX('Master Task List'!$M:$M,$A95)) | F95: =IF($A95="","",INDEX('Master Task List'!$N:$N,$A95))
A96: =IFERROR(SMALL('Master Task List'!$T$2:$T$600,95),"") | B96: =IF($A96="","",INDEX('Master Task List'!$D:$D,$A96)) | C96: =IF($A96="","",INDEX('Master Task List'!$B:$B,$A96)) | D96: =IF($A96="","",INDEX('Master Task List'!$G:$G,$A96)) | E96: =IF($A96="","",INDEX('Master Task List'!$M:$M,$A96)) | F96: =IF($A96="","",INDEX('Master Task List'!$N:$N,$A96))
A97: =IFERROR(SMALL('Master Task List'!$T$2:$T$600,96),"") | B97: =IF($A97="","",INDEX('Master Task List'!$D:$D,$A97)) | C97: =IF($A97="","",INDEX('Master Task List'!$B:$B,$A97)) | D97: =IF($A97="","",INDEX('Master Task List'!$G:$G,$A97)) | E97: =IF($A97="","",INDEX('Master Task List'!$M:$M,$A97)) | F97: =IF($A97="","",INDEX('Master Task List'!$N:$N,$A97))
A98: =IFERROR(SMALL('Master Task List'!$T$2:$T$600,97),"") | B98: =IF($A98="","",INDEX('Master Task List'!$D:$D,$A98)) | C98: =IF($A98="","",INDEX('Master Task List'!$B:$B,$A98)) | D98: =IF($A98="","",INDEX('Master Task List'!$G:$G,$A98)) | E98: =IF($A98="","",INDEX('Master Task List'!$M:$M,$A98)) | F98: =IF($A98="","",INDEX('Master Task List'!$N:$N,$A98))
A99: =IFERROR(SMALL('Master Task List'!$T$2:$T$600,98),"") | B99: =IF($A99="","",INDEX('Master Task List'!$D:$D,$A99)) | C99: =IF($A99="","",INDEX('Master Task List'!$B:$B,$A99)) | D99: =IF($A99="","",INDEX('Master Task List'!$G:$G,$A99)) | E99: =IF($A99="","",INDEX('Master Task List'!$M:$M,$A99)) | F99: =IF($A99="","",INDEX('Master Task List'!$N:$N,$A99))
A100: =IFERROR(SMALL('Master Task List'!$T$2:$T$600,99),"") | B100: =IF($A100="","",INDEX('Master Task List'!$D:$D,$A100)) | C100: =IF($A100="","",INDEX('Master Task List'!$B:$B,$A100)) | D100: =IF($A100="","",INDEX('Master Task List'!$G:$G,$A100)) | E100: =IF($A100="","",INDEX('Master Task List'!$M:$M,$A100)) | F100: =IF($A100="","",INDEX('Master Task List'!$N:$N,$A100))
...

Sheet Remaining Work
A1: _RowRef | B1: Task | C1: Module | D1: Priority | E1: Owner | F1: Status | G1: Estimated Effort (Days) | H1: Estimated Finish | I1: Dependency
A2: =IFERROR(SMALL('Master Task List'!$U$2:$U$600,1),"") -> 31 | B2: =IF($A2="","",INDEX('Master Task List'!$D:$D,$A2)) -> دمج بيانات المتاجر والموردين | C2: =IF($A2="","",INDEX('Master Task List'!$B:$B,$A2)) -> Guarantee Registration | D2: =IF($A2="","",INDEX('Master Task List'!$F:$F,$A2)) -> High | E2: =IF($A2="","",INDEX('Master Task List'!$G:$G,$A2)) -> لمياء العنزي | F2: =IF($A2="","",INDEX('Master Task List'!$I:$I,$A2)) -> Planning | G2: =IF($A2="","",INDEX('Master Task List'!$N:$N,$A2)) -> 30 | H2: =IF($A2="","",INDEX('Master Task List'!$L:$L,$A2)) -> 46284 | I2: =IF($A2="","",INDEX('Master Task List'!$P:$P,$A2)) -> DMT-029
A3: =IFERROR(SMALL('Master Task List'!$U$2:$U$600,2),"") -> 32 | B3: =IF($A3="","",INDEX('Master Task List'!$D:$D,$A3)) -> بناء خدمة التحقق الفوري | C3: =IF($A3="","",INDEX('Master Task List'!$B:$B,$A3)) -> Guarantee Verification | D3: =IF($A3="","",INDEX('Master Task List'!$F:$F,$A3)) -> Critical | E3: =IF($A3="","",INDEX('Master Task List'!$G:$G,$A3)) -> خالد الغامدي | F3: =IF($A3="","",INDEX('Master Task List'!$I:$I,$A3)) -> Planning | G3: =IF($A3="","",INDEX('Master Task List'!$N:$N,$A3)) -> 30 | H3: =IF($A3="","",INDEX('Master Task List'!$L:$L,$A3)) -> 46254 | I3: =IF($A3="","",INDEX('Master Task List'!$P:$P,$A3)) -> DMT-028
A4: =IFERROR(SMALL('Master Task List'!$U$2:$U$600,3),"") -> 33 | B4: =IF($A4="","",INDEX('Master Task List'!$D:$D,$A4)) -> دمج التحقق مع أنظمة الموردين | C4: =IF($A4="","",INDEX('Master Task List'!$B:$B,$A4)) -> Guarantee Verification | D4: =IF($A4="","",INDEX('Master Task List'!$F:$F,$A4)) -> High | E4: =IF($A4="","",INDEX('Master Task List'!$G:$G,$A4)) -> خالد الغامدي | F4: =IF($A4="","",INDEX('Master Task List'!$I:$I,$A4)) -> Blocked | G4: =IF($A4="","",INDEX('Master Task List'!$N:$N,$A4)) -> 31 | H4: =IF($A4="","",INDEX('Master Task List'!$L:$L,$A4)) -> 46285 | I4: =IF($A4="","",INDEX('Master Task List'!$P:$P,$A4)) -> DMT-031
A5: =IFERROR(SMALL('Master Task List'!$U$2:$U$600,4),"") -> 34 | B5: =IF($A5="","",INDEX('Master Task List'!$D:$D,$A5)) -> بناء سجل تدقيق التحقق | C5: =IF($A5="","",INDEX('Master Task List'!$B:$B,$A5)) -> Guarantee Verification | D5: =IF($A5="","",INDEX('Master Task List'!$F:$F,$A5)) -> High | E5: =IF($A5="","",INDEX('Master Task List'!$G:$G,$A5)) -> خالد الغامدي | F5: =IF($A5="","",INDEX('Master Task List'!$I:$I,$A5)) -> Not Started | G5: =IF($A5="","",INDEX('Master Task List'!$N:$N,$A5)) -> 30 | H5: =IF($A5="","",INDEX('Master Task List'!$L:$L,$A5)) -> 46315 | I5: =IF($A5="","",INDEX('Master Task List'!$P:$P,$A5)) -> DMT-032
A6: =IFERROR(SMALL('Master Task List'!$U$2:$U$600,5),"") -> 35 | B6: =IF($A6="","",INDEX('Master Task List'!$D:$D,$A6)) -> توليد رمز QR لكل ضمان | C6: =IF($A6="","",INDEX('Master Task List'!$B:$B,$A6)) -> QR Code System | D6: =IF($A6="","",INDEX('Master Task List'!$F:$F,$A6)) -> Medium | E6: =IF($A6="","",INDEX('Master Task List'!$G:$G,$A6)) -> فيصل المطيري | F6: =IF($A6="","",INDEX('Master Task List'!$I:$I,$A6)) -> Not Started | G6: =IF($A6="","",INDEX('Master Task List'!$N:$N,$A6)) -> 20 | H6: =IF($A6="","",INDEX('Master Task List'!$L:$L,$A6)) -> 46259 | I6: =IF($A6="","",INDEX('Master Task List'!$P:$P,$A6)) -> DMT-028
A7: =IFERROR(SMALL('Master Task List'!$U$2:$U$600,6),"") -> 36 | B7: =IF($A7="","",INDEX('Master Task List'!$D:$D,$A7)) -> تطوير ماسح QR داخل التطبيق | C7: =IF($A7="","",INDEX('Master Task List'!$B:$B,$A7)) -> QR Code System | D7: =IF($A7="","",INDEX('Master Task List'!$F:$F,$A7)) -> Medium | E7: =IF($A7="","",INDEX('Master Task List'!$G:$G,$A7)) -> فيصل المطيري | F7: =IF($A7="","",INDEX('Master Task List'!$I:$I,$A7)) -> Not Started | G7: =IF($A7="","",INDEX('Master Task List'!$N:$N,$A7)) -> 21 | H7: =IF($A7="","",INDEX('Master Task List'!$L:$L,$A7)) -> 46280 | I7: =IF($A7="","",INDEX('Master Task List'!$P:$P,$A7)) -> DMT-034
A8: =IFERROR(SMALL('Master Task List'!$U$2:$U$600,7),"") -> 37 | B8: =IF($A8="","",INDEX('Master Task List'!$D:$D,$A8)) -> طباعة وتوزيع ملصقات QR | C8: =IF($A8="","",INDEX('Master Task List'!$B:$B,$A8)) -> QR Code System | D8: =IF($A8="","",INDEX('Master Task List'!$F:$F,$A8)) -> Medium | E8: =IF($A8="","",INDEX('Master Task List'!$G:$G,$A8)) -> فيصل المطيري | F8: =IF($A8="","",INDEX('Master Task List'!$I:$I,$A8)) -> Not Started | G8: =IF($A8="","",INDEX('Master Task List'!$N:$N,$A8)) -> 20 | H8: =IF($A8="","",INDEX('Master Task List'!$L:$L,$A8)) -> 46300 | I8: =IF($A8="","",INDEX('Master Task List'!$P:$P,$A8)) -> DMT-035
A9: =IFERROR(SMALL('Master Task List'!$U$2:$U$600,8),"") -> 38 | B9: =IF($A9="","",INDEX('Master Task List'!$D:$D,$A9)) -> بناء محرك الإشعارات الفورية | C9: =IF($A9="","",INDEX('Master Task List'!$B:$B,$A9)) -> Notifications | D9: =IF($A9="","",INDEX('Master Task List'!$F:$F,$A9)) -> Low | E9: =IF($A9="","",INDEX('Master Task List'!$G:$G,$A9)) -> لمياء العنزي | F9: =IF($A9="","",INDEX('Master Task List'!$I:$I,$A9)) -> Not Started | G9: =IF($A9="","",INDEX('Master Task List'!$N:$N,$A9)) -> 20 | H9: =IF($A9="","",INDEX('Master Task List'!$L:$L,$A9)) -> 46274 | I9: =IF($A9="","",INDEX('Master Task List'!$P:$P,$A9)) -> DMT-022
A10: =IFERROR(SMALL('Master Task List'!$U$2:$U$600,9),"") -> 39 | B10: =IF($A10="","",INDEX('Master Task List'!$D:$D,$A10)) -> إشعارات انتهاء صلاحية الضمان | C10: =IF($A10="","",INDEX('Master Task List'!$B:$B,$A10)) -> Notifications | D10: =IF($A10="","",INDEX('Master Task List'!$F:$F,$A10)) -> Medium | E10: =IF($A10="","",INDEX('Master Task List'!$G:$G,$A10)) -> لمياء العنزي | F10: =IF($A10="","",INDEX('Master Task List'!$I:$I,$A10)) -> Not Started | G10: =IF($A10="","",INDEX('Master Task List'!$N:$N,$A10)) -> 21 | H10: =IF($A10="","",INDEX('Master Task List'!$L:$L,$A10)) -> 46295 | I10: =IF($A10="","",INDEX('Master Task List'!$P:$P,$A10)) -> DMT-037
A11: =IFERROR(SMALL('Master Task List'!$U$2:$U$600,10),"") -> 40 | B11: =IF($A11="","",INDEX('Master Task List'!$D:$D,$A11)) -> إشعارات البريد الإلكتروني والرسائل | C11: =IF($A11="","",INDEX('Master Task List'!$B:$B,$A11)) -> Notifications | D11: =IF($A11="","",INDEX('Master Task List'!$F:$F,$A11)) -> Medium | E11: =IF($A11="","",INDEX('Master Task List'!$G:$G,$A11)) -> لمياء العنزي | F11: =IF($A11="","",INDEX('Master Task List'!$I:$I,$A11)) -> Not Started | G11: =IF($A11="","",INDEX('Master Task List'!$N:$N,$A11)) -> 20 | H11: =IF($A11="","",INDEX('Master Task List'!$L:$L,$A11)) -> 46315 | I11: =IF($A11="","",INDEX('Master Task List'!$P:$P,$A11)) -> DMT-038
A12: =IFERROR(SMALL('Master Task List'!$U$2:$U$600,11),"") -> 41 | B12: =IF($A12="","",INDEX('Master Task List'!$D:$D,$A12)) -> بناء محرك بحث الضمانات | C12: =IF($A12="","",INDEX('Master Task List'!$B:$B,$A12)) -> Search | D12: =IF($A12="","",INDEX('Master Task List'!$F:$F,$A12)) -> Medium | E12: =IF($A12="","",INDEX('Master Task List'!$G:$G,$A12)) -> ريم الحربي | F12: =IF($A12="","",INDEX('Master Task List'!$I:$I,$A12)) -> Not Started | G12: =IF($A12="","",INDEX('Master Task List'!$N:$N,$A12)) -> 20 | H12: =IF($A12="","",INDEX('Master Task List'!$L:$L,$A12)) -> 46289 | I12: =IF($A12="","",INDEX('Master Task List'!$P:$P,$A12)) -> DMT-025
A13: =IFERROR(SMALL('Master Task List'!$U$2:$U$600,12),"") -> 42 | B13: =IF($A13="","",INDEX('Master Task List'!$D:$D,$A13)) -> إضافة الفلاتر المتقدمة | C13: =IF($A13="","",INDEX('Master Task List'!$B:$B,$A13)) -> Search | D13: =IF($A13="","",INDEX('Master Task List'!$F:$F,$A13)) -> Medium | E13: =IF($A13="","",INDEX('Master Task List'!$G:$G,$A13)) -> ريم الحربي | F13: =IF($A13="","",INDEX('Master Task List'!$I:$I,$A13)) -> Not Started | G13: =IF($A13="","",INDEX('Master Task List'!$N:$N,$A13)) -> 21 | H13: =IF($A13="","",INDEX('Master Task List'!$L:$L,$A13)) -> 46310 | I13: =IF($A13="","",INDEX('Master Task List'!$P:$P,$A13)) -> DMT-040
A14: =IFERROR(SMALL('Master Task List'!$U$2:$U$600,13),"") -> 43 | B14: =IF($A14="","",INDEX('Master Task List'!$D:$D,$A14)) -> تحسين أداء الفهرسة | C14: =IF($A14="","",INDEX('Master Task List'!$B:$B,$A14)) -> Search | D14: =IF($A14="","",INDEX('Master Task List'!$F:$F,$A14)) -> Medium | E14: =IF($A14="","",INDEX('Master Task List'!$G:$G,$A14)) -> ريم الحربي | F14: =IF($A14="","",INDEX('Master Task List'!$I:$I,$A14)) -> Not Started | G14: =IF($A14="","",INDEX('Master Task List'!$N:$N,$A14)) -> 20 | H14: =IF($A14="","",INDEX('Master Task List'!$L:$L,$A14)) -> 46330 | I14: =IF($A14="","",INDEX('Master Task List'!$P:$P,$A14)) -> DMT-041
A15: =IFERROR(SMALL('Master Task List'!$U$2:$U$600,14),"") -> 44 | B15: =IF($A15="","",INDEX('Master Task List'!$D:$D,$A15)) -> بناء تقارير الضمانات الأساسية | C15: =IF($A15="","",INDEX('Master Task List'!$B:$B,$A15)) -> Reports | D15: =IF($A15="","",INDEX('Master Task List'!$F:$F,$A15)) -> Medium | E15: =IF($A15="","",INDEX('Master Task List'!$G:$G,$A15)) -> منيرة القرني | F15: =IF($A15="","",INDEX('Master Task List'!$I:$I,$A15)) -> Not Started | G15: =IF($A15="","",INDEX('Master Task List'!$N:$N,$A15)) -> 25 | H15: =IF($A15="","",INDEX('Master Task List'!$L:$L,$A15)) -> 46309 | I15: =IF($A15="","",INDEX('Master Task List'!$P:$P,$A15)) -> DMT-031
A16: =IFERROR(SMALL('Master Task List'!$U$2:$U$600,15),"") -> 45 | B16: =IF($A16="","",INDEX('Master Task List'!$D:$D,$A16)) -> تقارير الأداء الإداري | C16: =IF($A16="","",INDEX('Master Task List'!$B:$B,$A16)) -> Reports | D16: =IF($A16="","",INDEX('Master Task List'!$F:$F,$A16)) -> Medium | E16: =IF($A16="","",INDEX('Master Task List'!$G:$G,$A16)) -> منيرة القرني | F16: =IF($A16="","",INDEX('Master Task List'!$I:$I,$A16)) -> Not Started | G16: =IF($A16="","",INDEX('Master Task List'!$N:$N,$A16)) -> 26 | H16: =IF($A16="","",INDEX('Master Task List'!$L:$L,$A16)) -> 46335 | I16: =IF($A16="","",INDEX('Master Task List'!$P:$P,$A16)) -> DMT-043
A17: =IFERROR(SMALL('Master Task List'!$U$2:$U$600,16),"") -> 46 | B17: =IF($A17="","",INDEX('Master Task List'!$D:$D,$A17)) -> جدولة التقارير الدورية | C17: =IF($A17="","",INDEX('Master Task List'!$B:$B,$A17)) -> Reports | D17: =IF($A17="","",INDEX('Master Task List'!$F:$F,$A17)) -> Medium | E17: =IF($A17="","",INDEX('Master Task List'!$G:$G,$A17)) -> منيرة القرني | F17: =IF($A17="","",INDEX('Master Task List'!$I:$I,$A17)) -> Not Started | G17: =IF($A17="","",INDEX('Master Task List'!$N:$N,$A17)) -> 25 | H17: =IF($A17="","",INDEX('Master Task List'!$L:$L,$A17)) -> 46360 | I17: =IF($A17="","",INDEX('Master Task List'!$P:$P,$A17)) -> DMT-044
A18: =IFERROR(SMALL('Master Task List'!$U$2:$U$600,17),"") -> 47 | B18: =IF($A18="","",INDEX('Master Task List'!$D:$D,$A18)) -> بناء لوحة التحليلات التفاعلية | C18: =IF($A18="","",INDEX('Master Task List'!$B:$B,$A18)) -> Analytics | D18: =IF($A18="","",INDEX('Master Task List'!$F:$F,$A18)) -> Medium | E18: =IF($A18="","",INDEX('Master Task List'!$G:$G,$A18)) -> منيرة القرني | F18: =IF($A18="","",INDEX('Master Task List'!$I:$I,$A18)) -> Not Started | G18: =IF($A18="","",INDEX('Master Task List'!$N:$N,$A18)) -> 25 | H18: =IF($A18="","",INDEX('Master Task List'!$L:$L,$A18)) -> 46325 | I18: =IF($A18="","",INDEX('Master Task List'!$P:$P,$A18)) -> DMT-043
A19: =IFERROR(SMALL('Master Task List'!$U$2:$U$600,18),"") -> 48 | B19: =IF($A19="","",INDEX('Master Task List'!$D:$D,$A19)) -> تحليل سلوك المستخدمين | C19: =IF($A19="","",INDEX('Master Task List'!$B:$B,$A19)) -> Analytics | D19: =IF($A19="","",INDEX('Master Task List'!$F:$F,$A19)) -> Medium | E19: =IF($A19="","",INDEX('Master Task List'!$G:$G,$A19)) -> منيرة القرني | F19: =IF($A19="","",INDEX('Master Task List'!$I:$I,$A19)) -> Not Started | G19: =IF($A19="","",INDEX('Master Task List'!$N:$N,$A19)) -> 26 | H19: =IF($A19="","",INDEX('Master Task List'!$L:$L,$A19)) -> 46351 | I19: =IF($A19="","",INDEX('Master Task List'!$P:$P,$A19)) -> DMT-046
A20: =IFERROR(SMALL('Master Task List'!$U$2:$U$600,19),"") -> 49 | B20: =IF($A20="","",INDEX('Master Task List'!$D:$D,$A20)) -> مؤشرات الأداء الرئيسية (KPIs) | C20: =IF($A20="","",INDEX('Master Task List'!$B:$B,$A20)) -> Analytics | D20: =IF($A20="","",INDEX('Master Task List'!$F:$F,$A20)) -> Medium | E20: =IF($A20="","",INDEX('Master Task List'!$G:$G,$A20)) -> منيرة القرني | F20: =IF($A20="","",INDEX('Master Task List'!$I:$I,$A20)) -> Not Started | G20: =IF($A20="","",INDEX('Master Task List'!$N:$N,$A20)) -> 25 | H20: =IF($A20="","",INDEX('Master Task List'!$L:$L,$A20)) -> 46376 | I20: =IF($A20="","",INDEX('Master Task List'!$P:$P,$A20)) -> DMT-047
A21: =IFERROR(SMALL('Master Task List'!$U$2:$U$600,20),"") -> 50 | B21: =IF($A21="","",INDEX('Master Task List'!$D:$D,$A21)) -> نموذج التعرف على الفواتير (OCR) | C21: =IF($A21="","",INDEX('Master Task List'!$B:$B,$A21)) -> AI Features | D21: =IF($A21="","",INDEX('Master Task List'!$F:$F,$A21)) -> High | E21: =IF($A21="","",INDEX('Master Task List'!$G:$G,$A21)) -> منيرة القرني | F21: =IF($A21="","",INDEX('Master Task List'!$I:$I,$A21)) -> Blocked | G21: =IF($A21="","",INDEX('Master Task List'!$N:$N,$A21)) -> 30 | H21: =IF($A21="","",INDEX('Master Task List'!$L:$L,$A21)) -> 46345 | I21: =IF($A21="","",INDEX('Master Task List'!$P:$P,$A21)) -> DMT-046
A22: =IFERROR(SMALL('Master Task List'!$U$2:$U$600,21),"") -> 51 | B22: =IF($A22="","",INDEX('Master Task List'!$D:$D,$A22)) -> كشف الضمانات المزيفة | C22: =IF($A22="","",INDEX('Master Task List'!$B:$B,$A22)) -> AI Features | D22: =IF($A22="","",INDEX('Master Task List'!$F:$F,$A22)) -> High | E22: =IF($A22="","",INDEX('Master Task List'!$G:$G,$A22)) -> منيرة القرني | F22: =IF($A22="","",INDEX('Master Task List'!$I:$I,$A22)) -> Not Started | G22: =IF($A22="","",INDEX('Master Task List'!$N:$N,$A22)) -> 31 | H22: =IF($A22="","",INDEX('Master Task List'!$L:$L,$A22)) -> 46376 | I22: =IF($A22="","",INDEX('Master Task List'!$P:$P,$A22)) -> DMT-049
A23: =IFERROR(SMALL('Master Task List'!$U$2:$U$600,22),"") -> 52 | B23: =IF($A23="","",INDEX('Master Task List'!$D:$D,$A23)) -> مساعد ذكي للدعم الفني | C23: =IF($A23="","",INDEX('Master Task List'!$B:$B,$A23)) -> AI Features | D23: =IF($A23="","",INDEX('Master Task List'!$F:$F,$A23)) -> High | E23: =IF($A23="","",INDEX('Master Task List'!$G:$G,$A23)) -> منيرة القرني | F23: =IF($A23="","",INDEX('Master Task List'!$I:$I,$A23)) -> Not Started | G23: =IF($A23="","",INDEX('Master Task List'!$N:$N,$A23)) -> 30 | H23: =IF($A23="","",INDEX('Master Task List'!$L:$L,$A23)) -> 46406 | I23: =IF($A23="","",INDEX('Master Task List'!$P:$P,$A23)) -> DMT-050
A24: =IFERROR(SMALL('Master Task List'!$U$2:$U$600,23),"") -> 53 | B24: =IF($A24="","",INDEX('Master Task List'!$D:$D,$A24)) -> بناء لوحة تحكم المشرفين | C24: =IF($A24="","",INDEX('Master Task List'!$B:$B,$A24)) -> Admin Dashboard | D24: =IF($A24="","",INDEX('Master Task List'!$F:$F,$A24)) -> Medium | E24: =IF($A24="","",INDEX('Master Task List'!$G:$G,$A24)) -> ريم الحربي | F24: =IF($A24="","",INDEX('Master Task List'!$I:$I,$A24)) -> Not Started | G24: =IF($A24="","",INDEX('Master Task List'!$N:$N,$A24)) -> 25 | H24: =IF($A24="","",INDEX('Master Task List'!$L:$L,$A24)) -> 46309 | I24: =IF($A24="","",INDEX('Master Task List'!$P:$P,$A24)) -> DMT-016
A25: =IFERROR(SMALL('Master Task List'!$U$2:$U$600,24),"") -> 54 | B25: =IF($A25="","",INDEX('Master Task List'!$D:$D,$A25)) -> إدارة المستخدمين والصلاحيات | C25: =IF($A25="","",INDEX('Master Task List'!$B:$B,$A25)) -> Admin Dashboard | D25: =IF($A25="","",INDEX('Master Task List'!$F:$F,$A25)) -> Medium | E25: =IF($A25="","",INDEX('Master Task List'!$G:$G,$A25)) -> ريم الحربي | F25: =IF($A25="","",INDEX('Master Task List'!$I:$I,$A25)) -> Not Started | G25: =IF($A25="","",INDEX('Master Task List'!$N:$N,$A25)) -> 26 | H25: =IF($A25="","",INDEX('Master Task List'!$L:$L,$A25)) -> 46335 | I25: =IF($A25="","",INDEX('Master Task List'!$P:$P,$A25)) -> DMT-052
A26: =IFERROR(SMALL('Master Task List'!$U$2:$U$600,25),"") -> 55 | B26: =IF($A26="","",INDEX('Master Task List'!$D:$D,$A26)) -> سجل النشاطات والتدقيق | C26: =IF($A26="","",INDEX('Master Task List'!$B:$B,$A26)) -> Admin Dashboard | D26: =IF($A26="","",INDEX('Master Task List'!$F:$F,$A26)) -> Medium | E26: =IF($A26="","",INDEX('Master Task List'!$G:$G,$A26)) -> ريم الحربي | F26: =IF($A26="","",INDEX('Master Task List'!$I:$I,$A26)) -> Not Started | G26: =IF($A26="","",INDEX('Master Task List'!$N:$N,$A26)) -> 25 | H26: =IF($A26="","",INDEX('Master Task List'!$L:$L,$A26)) -> 46360 | I26: =IF($A26="","",INDEX('Master Task List'!$P:$P,$A26)) -> DMT-053
A27: =IFERROR(SMALL('Master Task List'!$U$2:$U$600,26),"") -> 58 | B27: =IF($A27="","",INDEX('Master Task List'!$D:$D,$A27)) -> توثيق الواجهات البرمجية | C27: =IF($A27="","",INDEX('Master Task List'!$B:$B,$A27)) -> API Development | D27: =IF($A27="","",INDEX('Master Task List'!$F:$F,$A27)) -> High | E27: =IF($A27="","",INDEX('Master Task List'!$G:$G,$A27)) -> خالد الغامدي | F27: =IF($A27="","",INDEX('Master Task List'!$I:$I,$A27)) -> Planning | G27: =IF($A27="","",INDEX('Master Task List'!$N:$N,$A27)) -> 71 | H27: =IF($A27="","",INDEX('Master Task List'!$L:$L,$A27)) -> 46345 | I27: =IF($A27="","",INDEX('Master Task List'!$P:$P,$A27)) -> DMT-056
A28: =IFERROR(SMALL('Master Task List'!$U$2:$U$600,27),"") -> 67 | B28: =IF($A28="","",INDEX('Master Task List'!$D:$D,$A28)) -> اختبار الاختراق | C28: =IF($A28="","",INDEX('Master Task List'!$B:$B,$A28)) -> Security | D28: =IF($A28="","",INDEX('Master Task List'!$F:$F,$A28)) -> High | E28: =IF($A28="","",INDEX('Master Task List'!$G:$G,$A28)) -> عمر باقادر | F28: =IF($A28="","",INDEX('Master Task List'!$I:$I,$A28)) -> Not Started | G28: =IF($A28="","",INDEX('Master Task List'!$N:$N,$A28)) -> 51 | H28: =IF($A28="","",INDEX('Master Task List'!$L:$L,$A28)) -> 46330 | I28: =IF($A28="","",INDEX('Master Task List'!$P:$P,$A28)) -> DMT-065
A29: =IFERROR(SMALL('Master Task List'!$U$2:$U$600,28),"") -> 68 | B29: =IF($A29="","",INDEX('Master Task List'!$D:$D,$A29)) -> إعداد خطة الاختبار الشاملة | C29: =IF($A29="","",INDEX('Master Task List'!$B:$B,$A29)) -> Testing | D29: =IF($A29="","",INDEX('Master Task List'!$F:$F,$A29)) -> High | E29: =IF($A29="","",INDEX('Master Task List'!$G:$G,$A29)) -> هند الزهراني | F29: =IF($A29="","",INDEX('Master Task List'!$I:$I,$A29)) -> Not Started | G29: =IF($A29="","",INDEX('Master Task List'!$N:$N,$A29)) -> 25 | H29: =IF($A29="","",INDEX('Master Task List'!$L:$L,$A29)) -> 46355 | I29: =IF($A29="","",INDEX('Master Task List'!$P:$P,$A29)) -> DMT-031
A30: =IFERROR(SMALL('Master Task List'!$U$2:$U$600,29),"") -> 69 | B30: =IF($A30="","",INDEX('Master Task List'!$D:$D,$A30)) -> تنفيذ اختبارات الوحدة والتكامل | C30: =IF($A30="","",INDEX('Master Task List'!$B:$B,$A30)) -> Testing | D30: =IF($A30="","",INDEX('Master Task List'!$F:$F,$A30)) -> High | E30: =IF($A30="","",INDEX('Master Task List'!$G:$G,$A30)) -> هند الزهراني | F30: =IF($A30="","",INDEX('Master Task List'!$I:$I,$A30)) -> Not Started | G30: =IF($A30="","",INDEX('Master Task List'!$N:$N,$A30)) -> 26 | H30: =IF($A30="","",INDEX('Master Task List'!$L:$L,$A30)) -> 46381 | I30: =IF($A30="","",INDEX('Master Task List'!$P:$P,$A30)) -> DMT-067
A31: =IFERROR(SMALL('Master Task List'!$U$2:$U$600,30),"") -> 70 | B31: =IF($A31="","",INDEX('Master Task List'!$D:$D,$A31)) -> اختبار قبول المستخدم (UAT) | C31: =IF($A31="","",INDEX('Master Task List'!$B:$B,$A31)) -> Testing | D31: =IF($A31="","",INDEX('Master Task List'!$F:$F,$A31)) -> High | E31: =IF($A31="","",INDEX('Master Task List'!$G:$G,$A31)) -> هند الزهراني | F31: =IF($A31="","",INDEX('Master Task List'!$I:$I,$A31)) -> Not Started | G31: =IF($A31="","",INDEX('Master Task List'!$N:$N,$A31)) -> 25 | H31: =IF($A31="","",INDEX('Master Task List'!$L:$L,$A31)) -> 46406 | I31: =IF($A31="","",INDEX('Master Task List'!$P:$P,$A31)) -> DMT-068
A32: =IFERROR(SMALL('Master Task List'!$U$2:$U$600,31),"") -> 71 | B32: =IF($A32="","",INDEX('Master Task List'!$D:$D,$A32)) -> اختبار تحمل الأحمال (Load Testing) | C32: =IF($A32="","",INDEX('Master Task List'!$B:$B,$A32)) -> Performance | D32: =IF($A32="","",INDEX('Master Task List'!$F:$F,$A32)) -> Medium | E32: =IF($A32="","",INDEX('Master Task List'!$G:$G,$A32)) -> هند الزهراني | F32: =IF($A32="","",INDEX('Master Task List'!$I:$I,$A32)) -> Not Started | G32: =IF($A32="","",INDEX('Master Task List'!$N:$N,$A32)) -> 20 | H32: =IF($A32="","",INDEX('Master Task List'!$L:$L,$A32)) -> 46365 | I32: =IF($A32="","",INDEX('Master Task List'!$P:$P,$A32)) -> DMT-067
A33: =IFERROR(SMALL('Master Task List'!$U$2:$U$600,32),"") -> 72 | B33: =IF($A33="","",INDEX('Master Task List'!$D:$D,$A33)) -> تحسين سرعة الاستجابة | C33: =IF($A33="","",INDEX('Master Task List'!$B:$B,$A33)) -> Performance | D33: =IF($A33="","",INDEX('Master Task List'!$F:$F,$A33)) -> Medium | E33: =IF($A33="","",INDEX('Master Task List'!$G:$G,$A33)) -> هند الزهراني | F33: =IF($A33="","",INDEX('Master Task List'!$I:$I,$A33)) -> Not Started | G33: =IF($A33="","",INDEX('Master Task List'!$N:$N,$A33)) -> 21 | H33: =IF($A33="","",INDEX('Master Task List'!$L:$L,$A33)) -> 46386 | I33: =IF($A33="","",INDEX('Master Task List'!$P:$P,$A33)) -> DMT-070
A34: =IFERROR(SMALL('Master Task List'!$U$2:$U$600,33),"") -> 73 | B34: =IF($A34="","",INDEX('Master Task List'!$D:$D,$A34)) -> تحسين استهلاك الموارد السحابية | C34: =IF($A34="","",INDEX('Master Task List'!$B:$B,$A34)) -> Performance | D34: =IF($A34="","",INDEX('Master Task List'!$F:$F,$A34)) -> Medium | E34: =IF($A34="","",INDEX('Master Task List'!$G:$G,$A34)) -> هند الزهراني | F34: =IF($A34="","",INDEX('Master Task List'!$I:$I,$A34)) -> Not Started | G34: =IF($A34="","",INDEX('Master Task List'!$N:$N,$A34)) -> 20 | H34: =IF($A34="","",INDEX('Master Task List'!$L:$L,$A34)) -> 46406 | I34: =IF($A34="","",INDEX('Master Task List'!$P:$P,$A34)) -> DMT-071
A35: =IFERROR(SMALL('Master Task List'!$U$2:$U$600,34),"") -> 74 | B35: =IF($A35="","",INDEX('Master Task List'!$D:$D,$A35)) -> إعداد بيئة الإنتاج النهائية | C35: =IF($A35="","",INDEX('Master Task List'!$B:$B,$A35)) -> Deployment | D35: =IF($A35="","",INDEX('Master Task List'!$F:$F,$A35)) -> High | E35: =IF($A35="","",INDEX('Master Task List'!$G:$G,$A35)) -> تركي السبيعي | F35: =IF($A35="","",INDEX('Master Task List'!$I:$I,$A35)) -> Not Started | G35: =IF($A35="","",INDEX('Master Task List'!$N:$N,$A35)) -> 15 | H35: =IF($A35="","",INDEX('Master Task List'!$L:$L,$A35)) -> 46391 | I35: =IF($A35="","",INDEX('Master Task List'!$P:$P,$A35)) -> DMT-067
A36: =IFERROR(SMALL('Master Task List'!$U$2:$U$600,35),"") -> 75 | B36: =IF($A36="","",INDEX('Master Task List'!$D:$D,$A36)) -> تنفيذ خطة النشر التدريجي | C36: =IF($A36="","",INDEX('Master Task List'!$B:$B,$A36)) -> Deployment | D36: =IF($A36="","",INDEX('Master Task List'!$F:$F,$A36)) -> High | E36: =IF($A36="","",INDEX('Master Task List'!$G:$G,$A36)) -> تركي السبيعي | F36: =IF($A36="","",INDEX('Master Task List'!$I:$I,$A36)) -> Not Started | G36: =IF($A36="","",INDEX('Master Task List'!$N:$N,$A36)) -> 15 | H36: =IF($A36="","",INDEX('Master Task List'!$L:$L,$A36)) -> 46406 | I36: =IF($A36="","",INDEX('Master Task List'!$P:$P,$A36)) -> DMT-073
A37: =IFERROR(SMALL('Master Task List'!$U$2:$U$600,36),"") -> 76 | B37: =IF($A37="","",INDEX('Master Task List'!$D:$D,$A37)) -> خطة التراجع والاستعادة | C37: =IF($A37="","",INDEX('Master Task List'!$B:$B,$A37)) -> Deployment | D37: =IF($A37="","",INDEX('Master Task List'!$F:$F,$A37)) -> High | E37: =IF($A37="","",INDEX('Master Task List'!$G:$G,$A37)) -> تركي السبيعي | F37: =IF($A37="","",INDEX('Master Task List'!$I:$I,$A37)) -> Not Started | G37: =IF($A37="","",INDEX('Master Task List'!$N:$N,$A37)) -> 15 | H37: =IF($A37="","",INDEX('Master Task List'!$L:$L,$A37)) -> 46421 | I37: =IF($A37="","",INDEX('Master Task List'!$P:$P,$A37)) -> DMT-074
A38: =IFERROR(SMALL('Master Task List'!$U$2:$U$600,37),"") -> 77 | B38: =IF($A38="","",INDEX('Master Task List'!$D:$D,$A38)) -> توثيق أدلة المستخدم | C38: =IF($A38="","",INDEX('Master Task List'!$B:$B,$A38)) -> Documentation | D38: =IF($A38="","",INDEX('Master Task List'!$F:$F,$A38)) -> Low | E38: =IF($A38="","",INDEX('Master Task List'!$G:$G,$A38)) -> سارة العتيبي | F38: =IF($A38="","",INDEX('Master Task List'!$I:$I,$A38)) -> Not Started | G38: =IF($A38="","",INDEX('Master Task List'!$N:$N,$A38)) -> 30 | H38: =IF($A38="","",INDEX('Master Task List'!$L:$L,$A38)) -> 46360 | I38: =IF($A38="","",INDEX('Master Task List'!$P:$P,$A38)) -> DMT-067
A39: =IFERROR(SMALL('Master Task List'!$U$2:$U$600,38),"") -> 78 | B39: =IF($A39="","",INDEX('Master Task List'!$D:$D,$A39)) -> توثيق الأنظمة التقنية | C39: =IF($A39="","",INDEX('Master Task List'!$B:$B,$A39)) -> Documentation | D39: =IF($A39="","",INDEX('Master Task List'!$F:$F,$A39)) -> Medium | E39: =IF($A39="","",INDEX('Master Task List'!$G:$G,$A39)) -> سارة العتيبي | F39: =IF($A39="","",INDEX('Master Task List'!$I:$I,$A39)) -> Not Started | G39: =IF($A39="","",INDEX('Master Task List'!$N:$N,$A39)) -> 31 | H39: =IF($A39="","",INDEX('Master Task List'!$L:$L,$A39)) -> 46391 | I39: =IF($A39="","",INDEX('Master Task List'!$P:$P,$A39)) -> DMT-076
A40: =IFERROR(SMALL('Master Task List'!$U$2:$U$600,39),"") -> 79 | B40: =IF($A40="","",INDEX('Master Task List'!$D:$D,$A40)) -> توثيق السياسات والإجراءات | C40: =IF($A40="","",INDEX('Master Task List'!$B:$B,$A40)) -> Documentation | D40: =IF($A40="","",INDEX('Master Task List'!$F:$F,$A40)) -> Medium | E40: =IF($A40="","",INDEX('Master Task List'!$G:$G,$A40)) -> سارة العتيبي | F40: =IF($A40="","",INDEX('Master Task List'!$I:$I,$A40)) -> Not Started | G40: =IF($A40="","",INDEX('Master Task List'!$N:$N,$A40)) -> 30 | H40: =IF($A40="","",INDEX('Master Task List'!$L:$L,$A40)) -> 46421 | I40: =IF($A40="","",INDEX('Master Task List'!$P:$P,$A40)) -> DMT-077
A41: =IFERROR(SMALL('Master Task List'!$U$2:$U$600,40),"") -> 80 | B41: =IF($A41="","",INDEX('Master Task List'!$D:$D,$A41)) -> تسجيل العلامة التجارية | C41: =IF($A41="","",INDEX('Master Task List'!$B:$B,$A41)) -> Intellectual Property | D41: =IF($A41="","",INDEX('Master Task List'!$F:$F,$A41)) -> Medium | E41: =IF($A41="","",INDEX('Master Task List'!$G:$G,$A41)) -> ياسر الأحمدي | F41: =IF($A41="","",INDEX('Master Task List'!$I:$I,$A41)) -> Not Started | G41: =IF($A41="","",INDEX('Master Task List'!$N:$N,$A41)) -> 30 | H41: =IF($A41="","",INDEX('Master Task List'!$L:$L,$A41)) -> 46330 | I41: =IF($A41="","",INDEX('Master Task List'!$P:$P,$A41)) -> DMT-010
A42: =IFERROR(SMALL('Master Task List'!$U$2:$U$600,41),"") -> 81 | B42: =IF($A42="","",INDEX('Master Task List'!$D:$D,$A42)) -> حماية حقوق الملكية الفكرية للبرمجيات | C42: =IF($A42="","",INDEX('Master Task List'!$B:$B,$A42)) -> Intellectual Property | D42: =IF($A42="","",INDEX('Master Task List'!$F:$F,$A42)) -> Medium | E42: =IF($A42="","",INDEX('Master Task List'!$G:$G,$A42)) -> ياسر الأحمدي | F42: =IF($A42="","",INDEX('Master Task List'!$I:$I,$A42)) -> Not Started | G42: =IF($A42="","",INDEX('Master Task List'!$N:$N,$A42)) -> 31 | H42: =IF($A42="","",INDEX('Master Task List'!$L:$L,$A42)) -> 46361 | I42: =IF($A42="","",INDEX('Master Task List'!$P:$P,$A42)) -> DMT-079
A43: =IFERROR(SMALL('Master Task List'!$U$2:$U$600,42),"") -> 83 | B43: =IF($A43="","",INDEX('Master Task List'!$D:$D,$A43)) -> مراجعة الامتثال لأنظمة حماية البيانات | C43: =IF($A43="","",INDEX('Master Task List'!$B:$B,$A43)) -> Legal Compliance | D43: =IF($A43="","",INDEX('Master Task List'!$F:$F,$A43)) -> High | E43: =IF($A43="","",INDEX('Master Task List'!$G:$G,$A43)) -> ياسر الأحمدي | F43: =IF($A43="","",INDEX('Master Task List'!$I:$I,$A43)) -> Not Started | G43: =IF($A43="","",INDEX('Master Task List'!$N:$N,$A43)) -> 41 | H43: =IF($A43="","",INDEX('Master Task List'!$L:$L,$A43)) -> 46310 | I43: =IF($A43="","",INDEX('Master Task List'!$P:$P,$A43)) -> DMT-031
A44: =IFERROR(SMALL('Master Task List'!$U$2:$U$600,43),"") -> 84 | B44: =IF($A44="","",INDEX('Master Task List'!$D:$D,$A44)) -> إعداد الشروط والأحكام | C44: =IF($A44="","",INDEX('Master Task List'!$B:$B,$A44)) -> Legal Compliance | D44: =IF($A44="","",INDEX('Master Task List'!$F:$F,$A44)) -> High | E44: =IF($A44="","",INDEX('Master Task List'!$G:$G,$A44)) -> ياسر الأحمدي | F44: =IF($A44="","",INDEX('Master Task List'!$I:$I,$A44)) -> Not Started | G44: =IF($A44="","",INDEX('Master Task List'!$N:$N,$A44)) -> 40 | H44: =IF($A44="","",INDEX('Master Task List'!$L:$L,$A44)) -> 46350 | I44: =IF($A44="","",INDEX('Master Task List'!$P:$P,$A44)) -> DMT-082
A45: =IFERROR(SMALL('Master Task List'!$U$2:$U$600,44),"") -> 85 | B45: =IF($A45="","",INDEX('Master Task List'!$D:$D,$A45)) -> مراجعة الامتثال لأنظمة التجارة الإلكترونية | C45: =IF($A45="","",INDEX('Master Task List'!$B:$B,$A45)) -> Legal Compliance | D45: =IF($A45="","",INDEX('Master Task List'!$F:$F,$A45)) -> High | E45: =IF($A45="","",INDEX('Master Task List'!$G:$G,$A45)) -> ياسر الأحمدي | F45: =IF($A45="","",INDEX('Master Task List'!$I:$I,$A45)) -> Not Started | G45: =IF($A45="","",INDEX('Master Task List'!$N:$N,$A45)) -> 41 | H45: =IF($A45="","",INDEX('Master Task List'!$L:$L,$A45)) -> 46391 | I45: =IF($A45="","",INDEX('Master Task List'!$P:$P,$A45)) -> DMT-083
A46: =IFERROR(SMALL('Master Task List'!$U$2:$U$600,45),"") -> 86 | B46: =IF($A46="","",INDEX('Master Task List'!$D:$D,$A46)) -> إعداد خطة الإطلاق التسويقي | C46: =IF($A46="","",INDEX('Master Task List'!$B:$B,$A46)) -> Launch Preparation | D46: =IF($A46="","",INDEX('Master Task List'!$F:$F,$A46)) -> High | E46: =IF($A46="","",INDEX('Master Task List'!$G:$G,$A46)) -> جواهر العصيمي | F46: =IF($A46="","",INDEX('Master Task List'!$I:$I,$A46)) -> Not Started | G46: =IF($A46="","",INDEX('Master Task List'!$N:$N,$A46)) -> 15 | H46: =IF($A46="","",INDEX('Master Task List'!$L:$L,$A46)) -> 46421 | I46: =IF($A46="","",INDEX('Master Task List'!$P:$P,$A46)) -> DMT-073
A47: =IFERROR(SMALL('Master Task List'!$U$2:$U$600,46),"") -> 87 | B47: =IF($A47="","",INDEX('Master Task List'!$D:$D,$A47)) -> تدريب فريق الدعم الفني | C47: =IF($A47="","",INDEX('Master Task List'!$B:$B,$A47)) -> Launch Preparation | D47: =IF($A47="","",INDEX('Master Task List'!$F:$F,$A47)) -> High | E47: =IF($A47="","",INDEX('Master Task List'!$G:$G,$A47)) -> جواهر العصيمي | F47: =IF($A47="","",INDEX('Master Task List'!$I:$I,$A47)) -> Not Started | G47: =IF($A47="","",INDEX('Master Task List'!$N:$N,$A47)) -> 16 | H47: =IF($A47="","",INDEX('Master Task List'!$L:$L,$A47)) -> 46437 | I47: =IF($A47="","",INDEX('Master Task List'!$P:$P,$A47)) -> DMT-085
A48: =IFERROR(SMALL('Master Task List'!$U$2:$U$600,47),"") -> 88 | B48: =IF($A48="","",INDEX('Master Task List'!$D:$D,$A48)) -> إعداد قنوات الدعم والمتابعة | C48: =IF($A48="","",INDEX('Master Task List'!$B:$B,$A48)) -> Launch Preparation | D48: =IF($A48="","",INDEX('Master Task List'!$F:$F,$A48)) -> High | E48: =IF($A48="","",INDEX('Master Task List'!$G:$G,$A48)) -> جواهر العصيمي | F48: =IF($A48="","",INDEX('Master Task List'!$I:$I,$A48)) -> Not Started | G48: =IF($A48="","",INDEX('Master Task List'!$N:$N,$A48)) -> 15 | H48: =IF($A48="","",INDEX('Master Task List'!$L:$L,$A48)) -> 46452 | I48: =IF($A48="","",INDEX('Master Task List'!$P:$P,$A48)) -> DMT-086
A49: =IFERROR(SMALL('Master Task List'!$U$2:$U$600,48),"") -> 89 | B49: =IF($A49="","",INDEX('Master Task List'!$D:$D,$A49)) -> جمع ملاحظات المستخدمين بعد الإطلاق | C49: =IF($A49="","",INDEX('Master Task List'!$B:$B,$A49)) -> Post Launch Improvements | D49: =IF($A49="","",INDEX('Master Task List'!$F:$F,$A49)) -> Low | E49: =IF($A49="","",INDEX('Master Task List'!$G:$G,$A49)) -> جواهر العصيمي | F49: =IF($A49="","",INDEX('Master Task List'!$I:$I,$A49)) -> Not Started | G49: =IF($A49="","",INDEX('Master Task List'!$N:$N,$A49)) -> 20 | H49: =IF($A49="","",INDEX('Master Task List'!$L:$L,$A49)) -> 46472 | I49: =IF($A49="","",INDEX('Master Task List'!$P:$P,$A49)) -> DMT-085
A50: =IFERROR(SMALL('Master Task List'!$U$2:$U$600,49),"") -> 90 | B50: =IF($A50="","",INDEX('Master Task List'!$D:$D,$A50)) -> إصدار تحديثات الإصلاحات | C50: =IF($A50="","",INDEX('Master Task List'!$B:$B,$A50)) -> Post Launch Improvements | D50: =IF($A50="","",INDEX('Master Task List'!$F:$F,$A50)) -> Medium | E50: =IF($A50="","",INDEX('Master Task List'!$G:$G,$A50)) -> جواهر العصيمي | F50: =IF($A50="","",INDEX('Master Task List'!$I:$I,$A50)) -> Not Started | G50: =IF($A50="","",INDEX('Master Task List'!$N:$N,$A50)) -> 20 | H50: =IF($A50="","",INDEX('Master Task List'!$L:$L,$A50)) -> 46492 | I50: =IF($A50="","",INDEX('Master Task List'!$P:$P,$A50)) -> DMT-088
A51: =IFERROR(SMALL('Master Task List'!$U$2:$U$600,50),"") -> 91 | B51: =IF($A51="","",INDEX('Master Task List'!$D:$D,$A51)) -> خطة التوسع للمرحلة الثانية | C51: =IF($A51="","",INDEX('Master Task List'!$B:$B,$A51)) -> Post Launch Improvements | D51: =IF($A51="","",INDEX('Master Task List'!$F:$F,$A51)) -> Medium | E51: =IF($A51="","",INDEX('Master Task List'!$G:$G,$A51)) -> جواهر العصيمي | F51: =IF($A51="","",INDEX('Master Task List'!$I:$I,$A51)) -> Not Started | G51: =IF($A51="","",INDEX('Master Task List'!$N:$N,$A51)) -> 20 | H51: =IF($A51="","",INDEX('Master Task List'!$L:$L,$A51)) -> 46512 | I51: =IF($A51="","",INDEX('Master Task List'!$P:$P,$A51)) -> DMT-089
A52: =IFERROR(SMALL('Master Task List'!$U$2:$U$600,51),"") | B52: =IF($A52="","",INDEX('Master Task List'!$D:$D,$A52)) | C52: =IF($A52="","",INDEX('Master Task List'!$B:$B,$A52)) | D52: =IF($A52="","",INDEX('Master Task List'!$F:$F,$A52)) | E52: =IF($A52="","",INDEX('Master Task List'!$G:$G,$A52)) | F52: =IF($A52="","",INDEX('Master Task List'!$I:$I,$A52)) | G52: =IF($A52="","",INDEX('Master Task List'!$N:$N,$A52)) | H52: =IF($A52="","",INDEX('Master Task List'!$L:$L,$A52)) | I52: =IF($A52="","",INDEX('Master Task List'!$P:$P,$A52))
A53: =IFERROR(SMALL('Master Task List'!$U$2:$U$600,52),"") | B53: =IF($A53="","",INDEX('Master Task List'!$D:$D,$A53)) | C53: =IF($A53="","",INDEX('Master Task List'!$B:$B,$A53)) | D53: =IF($A53="","",INDEX('Master Task List'!$F:$F,$A53)) | E53: =IF($A53="","",INDEX('Master Task List'!$G:$G,$A53)) | F53: =IF($A53="","",INDEX('Master Task List'!$I:$I,$A53)) | G53: =IF($A53="","",INDEX('Master Task List'!$N:$N,$A53)) | H53: =IF($A53="","",INDEX('Master Task List'!$L:$L,$A53)) | I53: =IF($A53="","",INDEX('Master Task List'!$P:$P,$A53))
A54: =IFERROR(SMALL('Master Task List'!$U$2:$U$600,53),"") | B54: =IF($A54="","",INDEX('Master Task List'!$D:$D,$A54)) | C54: =IF($A54="","",INDEX('Master Task List'!$B:$B,$A54)) | D54: =IF($A54="","",INDEX('Master Task List'!$F:$F,$A54)) | E54: =IF($A54="","",INDEX('Master Task List'!$G:$G,$A54)) | F54: =IF($A54="","",INDEX('Master Task List'!$I:$I,$A54)) | G54: =IF($A54="","",INDEX('Master Task List'!$N:$N,$A54)) | H54: =IF($A54="","",INDEX('Master Task List'!$L:$L,$A54)) | I54: =IF($A54="","",INDEX('Master Task List'!$P:$P,$A54))
A55: =IFERROR(SMALL('Master Task List'!$U$2:$U$600,54),"") | B55: =IF($A55="","",INDEX('Master Task List'!$D:$D,$A55)) | C55: =IF($A55="","",INDEX('Master Task List'!$B:$B,$A55)) | D55: =IF($A55="","",INDEX('Master Task List'!$F:$F,$A55)) | E55: =IF($A55="","",INDEX('Master Task List'!$G:$G,$A55)) | F55: =IF($A55="","",INDEX('Master Task List'!$I:$I,$A55)) | G55: =IF($A55="","",INDEX('Master Task List'!$N:$N,$A55)) | H55: =IF($A55="","",INDEX('Master Task List'!$L:$L,$A55)) | I55: =IF($A55="","",INDEX('Master Task List'!$P:$P,$A55))
A56: =IFERROR(SMALL('Master Task List'!$U$2:$U$600,55),"") | B56: =IF($A56="","",INDEX('Master Task List'!$D:$D,$A56)) | C56: =IF($A56="","",INDEX('Master Task List'!$B:$B,$A56)) | D56: =IF($A56="","",INDEX('Master Task List'!$F:$F,$A56)) | E56: =IF($A56="","",INDEX('Master Task List'!$G:$G,$A56)) | F56: =IF($A56="","",INDEX('Master Task List'!$I:$I,$A56)) | G56: =IF($A56="","",INDEX('Master Task List'!$N:$N,$A56)) | H56: =IF($A56="","",INDEX('Master Task List'!$L:$L,$A56)) | I56: =IF($A56="","",INDEX('Master Task List'!$P:$P,$A56))
A57: =IFERROR(SMALL('Master Task List'!$U$2:$U$600,56),"") | B57: =IF($A57="","",INDEX('Master Task List'!$D:$D,$A57)) | C57: =IF($A57="","",INDEX('Master Task List'!$B:$B,$A57)) | D57: =IF($A57="","",INDEX('Master Task List'!$F:$F,$A57)) | E57: =IF($A57="","",INDEX('Master Task List'!$G:$G,$A57)) | F57: =IF($A57="","",INDEX('Master Task List'!$I:$I,$A57)) | G57: =IF($A57="","",INDEX('Master Task List'!$N:$N,$A57)) | H57: =IF($A57="","",INDEX('Master Task List'!$L:$L,$A57)) | I57: =IF($A57="","",INDEX('Master Task List'!$P:$P,$A57))
A58: =IFERROR(SMALL('Master Task List'!$U$2:$U$600,57),"") | B58: =IF($A58="","",INDEX('Master Task List'!$D:$D,$A58)) | C58: =IF($A58="","",INDEX('Master Task List'!$B:$B,$A58)) | D58: =IF($A58="","",INDEX('Master Task List'!$F:$F,$A58)) | E58: =IF($A58="","",INDEX('Master Task List'!$G:$G,$A58)) | F58: =IF($A58="","",INDEX('Master Task List'!$I:$I,$A58)) | G58: =IF($A58="","",INDEX('Master Task List'!$N:$N,$A58)) | H58: =IF($A58="","",INDEX('Master Task List'!$L:$L,$A58)) | I58: =IF($A58="","",INDEX('Master Task List'!$P:$P,$A58))
A59: =IFERROR(SMALL('Master Task List'!$U$2:$U$600,58),"") | B59: =IF($A59="","",INDEX('Master Task List'!$D:$D,$A59)) | C59: =IF($A59="","",INDEX('Master Task List'!$B:$B,$A59)) | D59: =IF($A59="","",INDEX('Master Task List'!$F:$F,$A59)) | E59: =IF($A59="","",INDEX('Master Task List'!$G:$G,$A59)) | F59: =IF($A59="","",INDEX('Master Task List'!$I:$I,$A59)) | G59: =IF($A59="","",INDEX('Master Task List'!$N:$N,$A59)) | H59: =IF($A59="","",INDEX('Master Task List'!$L:$L,$A59)) | I59: =IF($A59="","",INDEX('Master Task List'!$P:$P,$A59))
A60: =IFERROR(SMALL('Master Task List'!$U$2:$U$600,59),"") | B60: =IF($A60="","",INDEX('Master Task List'!$D:$D,$A60)) | C60: =IF($A60="","",INDEX('Master Task List'!$B:$B,$A60)) | D60: =IF($A60="","",INDEX('Master Task List'!$F:$F,$A60)) | E60: =IF($A60="","",INDEX('Master Task List'!$G:$G,$A60)) | F60: =IF($A60="","",INDEX('Master Task List'!$I:$I,$A60)) | G60: =IF($A60="","",INDEX('Master Task List'!$N:$N,$A60)) | H60: =IF($A60="","",INDEX('Master Task List'!$L:$L,$A60)) | I60: =IF($A60="","",INDEX('Master Task List'!$P:$P,$A60))
A61: =IFERROR(SMALL('Master Task List'!$U$2:$U$600,60),"") | B61: =IF($A61="","",INDEX('Master Task List'!$D:$D,$A61)) | C61: =IF($A61="","",INDEX('Master Task List'!$B:$B,$A61)) | D61: =IF($A61="","",INDEX('Master Task List'!$F:$F,$A61)) | E61: =IF($A61="","",INDEX('Master Task List'!$G:$G,$A61)) | F61: =IF($A61="","",INDEX('Master Task List'!$I:$I,$A61)) | G61: =IF($A61="","",INDEX('Master Task List'!$N:$N,$A61)) | H61: =IF($A61="","",INDEX('Master Task List'!$L:$L,$A61)) | I61: =IF($A61="","",INDEX('Master Task List'!$P:$P,$A61))
A62: =IFERROR(SMALL('Master Task List'!$U$2:$U$600,61),"") | B62: =IF($A62="","",INDEX('Master Task List'!$D:$D,$A62)) | C62: =IF($A62="","",INDEX('Master Task List'!$B:$B,$A62)) | D62: =IF($A62="","",INDEX('Master Task List'!$F:$F,$A62)) | E62: =IF($A62="","",INDEX('Master Task List'!$G:$G,$A62)) | F62: =IF($A62="","",INDEX('Master Task List'!$I:$I,$A62)) | G62: =IF($A62="","",INDEX('Master Task List'!$N:$N,$A62)) | H62: =IF($A62="","",INDEX('Master Task List'!$L:$L,$A62)) | I62: =IF($A62="","",INDEX('Master Task List'!$P:$P,$A62))
A63: =IFERROR(SMALL('Master Task List'!$U$2:$U$600,62),"") | B63: =IF($A63="","",INDEX('Master Task List'!$D:$D,$A63)) | C63: =IF($A63="","",INDEX('Master Task List'!$B:$B,$A63)) | D63: =IF($A63="","",INDEX('Master Task List'!$F:$F,$A63)) | E63: =IF($A63="","",INDEX('Master Task List'!$G:$G,$A63)) | F63: =IF($A63="","",INDEX('Master Task List'!$I:$I,$A63)) | G63: =IF($A63="","",INDEX('Master Task List'!$N:$N,$A63)) | H63: =IF($A63="","",INDEX('Master Task List'!$L:$L,$A63)) | I63: =IF($A63="","",INDEX('Master Task List'!$P:$P,$A63))
A64: =IFERROR(SMALL('Master Task List'!$U$2:$U$600,63),"") | B64: =IF($A64="","",INDEX('Master Task List'!$D:$D,$A64)) | C64: =IF($A64="","",INDEX('Master Task List'!$B:$B,$A64)) | D64: =IF($A64="","",INDEX('Master Task List'!$F:$F,$A64)) | E64: =IF($A64="","",INDEX('Master Task List'!$G:$G,$A64)) | F64: =IF($A64="","",INDEX('Master Task List'!$I:$I,$A64)) | G64: =IF($A64="","",INDEX('Master Task List'!$N:$N,$A64)) | H64: =IF($A64="","",INDEX('Master Task List'!$L:$L,$A64)) | I64: =IF($A64="","",INDEX('Master Task List'!$P:$P,$A64))
A65: =IFERROR(SMALL('Master Task List'!$U$2:$U$600,64),"") | B65: =IF($A65="","",INDEX('Master Task List'!$D:$D,$A65)) | C65: =IF($A65="","",INDEX('Master Task List'!$B:$B,$A65)) | D65: =IF($A65="","",INDEX('Master Task List'!$F:$F,$A65)) | E65: =IF($A65="","",INDEX('Master Task List'!$G:$G,$A65)) | F65: =IF($A65="","",INDEX('Master Task List'!$I:$I,$A65)) | G65: =IF($A65="","",INDEX('Master Task List'!$N:$N,$A65)) | H65: =IF($A65="","",INDEX('Master Task List'!$L:$L,$A65)) | I65: =IF($A65="","",INDEX('Master Task List'!$P:$P,$A65))
A66: =IFERROR(SMALL('Master Task List'!$U$2:$U$600,65),"") | B66: =IF($A66="","",INDEX('Master Task List'!$D:$D,$A66)) | C66: =IF($A66="","",INDEX('Master Task List'!$B:$B,$A66)) | D66: =IF($A66="","",INDEX('Master Task List'!$F:$F,$A66)) | E66: =IF($A66="","",INDEX('Master Task List'!$G:$G,$A66)) | F66: =IF($A66="","",INDEX('Master Task List'!$I:$I,$A66)) | G66: =IF($A66="","",INDEX('Master Task List'!$N:$N,$A66)) | H66: =IF($A66="","",INDEX('Master Task List'!$L:$L,$A66)) | I66: =IF($A66="","",INDEX('Master Task List'!$P:$P,$A66))
A67: =IFERROR(SMALL('Master Task List'!$U$2:$U$600,66),"") | B67: =IF($A67="","",INDEX('Master Task List'!$D:$D,$A67)) | C67: =IF($A67="","",INDEX('Master Task List'!$B:$B,$A67)) | D67: =IF($A67="","",INDEX('Master Task List'!$F:$F,$A67)) | E67: =IF($A67="","",INDEX('Master Task List'!$G:$G,$A67)) | F67: =IF($A67="","",INDEX('Master Task List'!$I:$I,$A67)) | G67: =IF($A67="","",INDEX('Master Task List'!$N:$N,$A67)) | H67: =IF($A67="","",INDEX('Master Task List'!$L:$L,$A67)) | I67: =IF($A67="","",INDEX('Master Task List'!$P:$P,$A67))
A68: =IFERROR(SMALL('Master Task List'!$U$2:$U$600,67),"") | B68: =IF($A68="","",INDEX('Master Task List'!$D:$D,$A68)) | C68: =IF($A68="","",INDEX('Master Task List'!$B:$B,$A68)) | D68: =IF($A68="","",INDEX('Master Task List'!$F:$F,$A68)) | E68: =IF($A68="","",INDEX('Master Task List'!$G:$G,$A68)) | F68: =IF($A68="","",INDEX('Master Task List'!$I:$I,$A68)) | G68: =IF($A68="","",INDEX('Master Task List'!$N:$N,$A68)) | H68: =IF($A68="","",INDEX('Master Task List'!$L:$L,$A68)) | I68: =IF($A68="","",INDEX('Master Task List'!$P:$P,$A68))
A69: =IFERROR(SMALL('Master Task List'!$U$2:$U$600,68),"") | B69: =IF($A69="","",INDEX('Master Task List'!$D:$D,$A69)) | C69: =IF($A69="","",INDEX('Master Task List'!$B:$B,$A69)) | D69: =IF($A69="","",INDEX('Master Task List'!$F:$F,$A69)) | E69: =IF($A69="","",INDEX('Master Task List'!$G:$G,$A69)) | F69: =IF($A69="","",INDEX('Master Task List'!$I:$I,$A69)) | G69: =IF($A69="","",INDEX('Master Task List'!$N:$N,$A69)) | H69: =IF($A69="","",INDEX('Master Task List'!$L:$L,$A69)) | I69: =IF($A69="","",INDEX('Master Task List'!$P:$P,$A69))
A70: =IFERROR(SMALL('Master Task List'!$U$2:$U$600,69),"") | B70: =IF($A70="","",INDEX('Master Task List'!$D:$D,$A70)) | C70: =IF($A70="","",INDEX('Master Task List'!$B:$B,$A70)) | D70: =IF($A70="","",INDEX('Master Task List'!$F:$F,$A70)) | E70: =IF($A70="","",INDEX('Master Task List'!$G:$G,$A70)) | F70: =IF($A70="","",INDEX('Master Task List'!$I:$I,$A70)) | G70: =IF($A70="","",INDEX('Master Task List'!$N:$N,$A70)) | H70: =IF($A70="","",INDEX('Master Task List'!$L:$L,$A70)) | I70: =IF($A70="","",INDEX('Master Task List'!$P:$P,$A70))
A71: =IFERROR(SMALL('Master Task List'!$U$2:$U$600,70),"") | B71: =IF($A71="","",INDEX('Master Task List'!$D:$D,$A71)) | C71: =IF($A71="","",INDEX('Master Task List'!$B:$B,$A71)) | D71: =IF($A71="","",INDEX('Master Task List'!$F:$F,$A71)) | E71: =IF($A71="","",INDEX('Master Task List'!$G:$G,$A71)) | F71: =IF($A71="","",INDEX('Master Task List'!$I:$I,$A71)) | G71: =IF($A71="","",INDEX('Master Task List'!$N:$N,$A71)) | H71: =IF($A71="","",INDEX('Master Task List'!$L:$L,$A71)) | I71: =IF($A71="","",INDEX('Master Task List'!$P:$P,$A71))
A72: =IFERROR(SMALL('Master Task List'!$U$2:$U$600,71),"") | B72: =IF($A72="","",INDEX('Master Task List'!$D:$D,$A72)) | C72: =IF($A72="","",INDEX('Master Task List'!$B:$B,$A72)) | D72: =IF($A72="","",INDEX('Master Task List'!$F:$F,$A72)) | E72: =IF($A72="","",INDEX('Master Task List'!$G:$G,$A72)) | F72: =IF($A72="","",INDEX('Master Task List'!$I:$I,$A72)) | G72: =IF($A72="","",INDEX('Master Task List'!$N:$N,$A72)) | H72: =IF($A72="","",INDEX('Master Task List'!$L:$L,$A72)) | I72: =IF($A72="","",INDEX('Master Task List'!$P:$P,$A72))
A73: =IFERROR(SMALL('Master Task List'!$U$2:$U$600,72),"") | B73: =IF($A73="","",INDEX('Master Task List'!$D:$D,$A73)) | C73: =IF($A73="","",INDEX('Master Task List'!$B:$B,$A73)) | D73: =IF($A73="","",INDEX('Master Task List'!$F:$F,$A73)) | E73: =IF($A73="","",INDEX('Master Task List'!$G:$G,$A73)) | F73: =IF($A73="","",INDEX('Master Task List'!$I:$I,$A73)) | G73: =IF($A73="","",INDEX('Master Task List'!$N:$N,$A73)) | H73: =IF($A73="","",INDEX('Master Task List'!$L:$L,$A73)) | I73: =IF($A73="","",INDEX('Master Task List'!$P:$P,$A73))
A74: =IFERROR(SMALL('Master Task List'!$U$2:$U$600,73),"") | B74: =IF($A74="","",INDEX('Master Task List'!$D:$D,$A74)) | C74: =IF($A74="","",INDEX('Master Task List'!$B:$B,$A74)) | D74: =IF($A74="","",INDEX('Master Task List'!$F:$F,$A74)) | E74: =IF($A74="","",INDEX('Master Task List'!$G:$G,$A74)) | F74: =IF($A74="","",INDEX('Master Task List'!$I:$I,$A74)) | G74: =IF($A74="","",INDEX('Master Task List'!$N:$N,$A74)) | H74: =IF($A74="","",INDEX('Master Task List'!$L:$L,$A74)) | I74: =IF($A74="","",INDEX('Master Task List'!$P:$P,$A74))
A75: =IFERROR(SMALL('Master Task List'!$U$2:$U$600,74),"") | B75: =IF($A75="","",INDEX('Master Task List'!$D:$D,$A75)) | C75: =IF($A75="","",INDEX('Master Task List'!$B:$B,$A75)) | D75: =IF($A75="","",INDEX('Master Task List'!$F:$F,$A75)) | E75: =IF($A75="","",INDEX('Master Task List'!$G:$G,$A75)) | F75: =IF($A75="","",INDEX('Master Task List'!$I:$I,$A75)) | G75: =IF($A75="","",INDEX('Master Task List'!$N:$N,$A75)) | H75: =IF($A75="","",INDEX('Master Task List'!$L:$L,$A75)) | I75: =IF($A75="","",INDEX('Master Task List'!$P:$P,$A75))
A76: =IFERROR(SMALL('Master Task List'!$U$2:$U$600,75),"") | B76: =IF($A76="","",INDEX('Master Task List'!$D:$D,$A76)) | C76: =IF($A76="","",INDEX('Master Task List'!$B:$B,$A76)) | D76: =IF($A76="","",INDEX('Master Task List'!$F:$F,$A76)) | E76: =IF($A76="","",INDEX('Master Task List'!$G:$G,$A76)) | F76: =IF($A76="","",INDEX('Master Task List'!$I:$I,$A76)) | G76: =IF($A76="","",INDEX('Master Task List'!$N:$N,$A76)) | H76: =IF($A76="","",INDEX('Master Task List'!$L:$L,$A76)) | I76: =IF($A76="","",INDEX('Master Task List'!$P:$P,$A76))
A77: =IFERROR(SMALL('Master Task List'!$U$2:$U$600,76),"") | B77: =IF($A77="","",INDEX('Master Task List'!$D:$D,$A77)) | C77: =IF($A77="","",INDEX('Master Task List'!$B:$B,$A77)) | D77: =IF($A77="","",INDEX('Master Task List'!$F:$F,$A77)) | E77: =IF($A77="","",INDEX('Master Task List'!$G:$G,$A77)) | F77: =IF($A77="","",INDEX('Master Task List'!$I:$I,$A77)) | G77: =IF($A77="","",INDEX('Master Task List'!$N:$N,$A77)) | H77: =IF($A77="","",INDEX('Master Task List'!$L:$L,$A77)) | I77: =IF($A77="","",INDEX('Master Task List'!$P:$P,$A77))
A78: =IFERROR(SMALL('Master Task List'!$U$2:$U$600,77),"") | B78: =IF($A78="","",INDEX('Master Task List'!$D:$D,$A78)) | C78: =IF($A78="","",INDEX('Master Task List'!$B:$B,$A78)) | D78: =IF($A78="","",INDEX('Master Task List'!$F:$F,$A78)) | E78: =IF($A78="","",INDEX('Master Task List'!$G:$G,$A78)) | F78: =IF($A78="","",INDEX('Master Task List'!$I:$I,$A78)) | G78: =IF($A78="","",INDEX('Master Task List'!$N:$N,$A78)) | H78: =IF($A78="","",INDEX('Master Task List'!$L:$L,$A78)) | I78: =IF($A78="","",INDEX('Master Task List'!$P:$P,$A78))
A79: =IFERROR(SMALL('Master Task List'!$U$2:$U$600,78),"") | B79: =IF($A79="","",INDEX('Master Task List'!$D:$D,$A79)) | C79: =IF($A79="","",INDEX('Master Task List'!$B:$B,$A79)) | D79: =IF($A79="","",INDEX('Master Task List'!$F:$F,$A79)) | E79: =IF($A79="","",INDEX('Master Task List'!$G:$G,$A79)) | F79: =IF($A79="","",INDEX('Master Task List'!$I:$I,$A79)) | G79: =IF($A79="","",INDEX('Master Task List'!$N:$N,$A79)) | H79: =IF($A79="","",INDEX('Master Task List'!$L:$L,$A79)) | I79: =IF($A79="","",INDEX('Master Task List'!$P:$P,$A79))
A80: =IFERROR(SMALL('Master Task List'!$U$2:$U$600,79),"") | B80: =IF($A80="","",INDEX('Master Task List'!$D:$D,$A80)) | C80: =IF($A80="","",INDEX('Master Task List'!$B:$B,$A80)) | D80: =IF($A80="","",INDEX('Master Task List'!$F:$F,$A80)) | E80: =IF($A80="","",INDEX('Master Task List'!$G:$G,$A80)) | F80: =IF($A80="","",INDEX('Master Task List'!$I:$I,$A80)) | G80: =IF($A80="","",INDEX('Master Task List'!$N:$N,$A80)) | H80: =IF($A80="","",INDEX('Master Task List'!$L:$L,$A80)) | I80: =IF($A80="","",INDEX('Master Task List'!$P:$P,$A80))
A81: =IFERROR(SMALL('Master Task List'!$U$2:$U$600,80),"") | B81: =IF($A81="","",INDEX('Master Task List'!$D:$D,$A81)) | C81: =IF($A81="","",INDEX('Master Task List'!$B:$B,$A81)) | D81: =IF($A81="","",INDEX('Master Task List'!$F:$F,$A81)) | E81: =IF($A81="","",INDEX('Master Task List'!$G:$G,$A81)) | F81: =IF($A81="","",INDEX('Master Task List'!$I:$I,$A81)) | G81: =IF($A81="","",INDEX('Master Task List'!$N:$N,$A81)) | H81: =IF($A81="","",INDEX('Master Task List'!$L:$L,$A81)) | I81: =IF($A81="","",INDEX('Master Task List'!$P:$P,$A81))
A82: =IFERROR(SMALL('Master Task List'!$U$2:$U$600,81),"") | B82: =IF($A82="","",INDEX('Master Task List'!$D:$D,$A82)) | C82: =IF($A82="","",INDEX('Master Task List'!$B:$B,$A82)) | D82: =IF($A82="","",INDEX('Master Task List'!$F:$F,$A82)) | E82: =IF($A82="","",INDEX('Master Task List'!$G:$G,$A82)) | F82: =IF($A82="","",INDEX('Master Task List'!$I:$I,$A82)) | G82: =IF($A82="","",INDEX('Master Task List'!$N:$N,$A82)) | H82: =IF($A82="","",INDEX('Master Task List'!$L:$L,$A82)) | I82: =IF($A82="","",INDEX('Master Task List'!$P:$P,$A82))
A83: =IFERROR(SMALL('Master Task List'!$U$2:$U$600,82),"") | B83: =IF($A83="","",INDEX('Master Task List'!$D:$D,$A83)) | C83: =IF($A83="","",INDEX('Master Task List'!$B:$B,$A83)) | D83: =IF($A83="","",INDEX('Master Task List'!$F:$F,$A83)) | E83: =IF($A83="","",INDEX('Master Task List'!$G:$G,$A83)) | F83: =IF($A83="","",INDEX('Master Task List'!$I:$I,$A83)) | G83: =IF($A83="","",INDEX('Master Task List'!$N:$N,$A83)) | H83: =IF($A83="","",INDEX('Master Task List'!$L:$L,$A83)) | I83: =IF($A83="","",INDEX('Master Task List'!$P:$P,$A83))
A84: =IFERROR(SMALL('Master Task List'!$U$2:$U$600,83),"") | B84: =IF($A84="","",INDEX('Master Task List'!$D:$D,$A84)) | C84: =IF($A84="","",INDEX('Master Task List'!$B:$B,$A84)) | D84: =IF($A84="","",INDEX('Master Task List'!$F:$F,$A84)) | E84: =IF($A84="","",INDEX('Master Task List'!$G:$G,$A84)) | F84: =IF($A84="","",INDEX('Master Task List'!$I:$I,$A84)) | G84: =IF($A84="","",INDEX('Master Task List'!$N:$N,$A84)) | H84: =IF($A84="","",INDEX('Master Task List'!$L:$L,$A84)) | I84: =IF($A84="","",INDEX('Master Task List'!$P:$P,$A84))
A85: =IFERROR(SMALL('Master Task List'!$U$2:$U$600,84),"") | B85: =IF($A85="","",INDEX('Master Task List'!$D:$D,$A85)) | C85: =IF($A85="","",INDEX('Master Task List'!$B:$B,$A85)) | D85: =IF($A85="","",INDEX('Master Task List'!$F:$F,$A85)) | E85: =IF($A85="","",INDEX('Master Task List'!$G:$G,$A85)) | F85: =IF($A85="","",INDEX('Master Task List'!$I:$I,$A85)) | G85: =IF($A85="","",INDEX('Master Task List'!$N:$N,$A85)) | H85: =IF($A85="","",INDEX('Master Task List'!$L:$L,$A85)) | I85: =IF($A85="","",INDEX('Master Task List'!$P:$P,$A85))
A86: =IFERROR(SMALL('Master Task List'!$U$2:$U$600,85),"") | B86: =IF($A86="","",INDEX('Master Task List'!$D:$D,$A86)) | C86: =IF($A86="","",INDEX('Master Task List'!$B:$B,$A86)) | D86: =IF($A86="","",INDEX('Master Task List'!$F:$F,$A86)) | E86: =IF($A86="","",INDEX('Master Task List'!$G:$G,$A86)) | F86: =IF($A86="","",INDEX('Master Task List'!$I:$I,$A86)) | G86: =IF($A86="","",INDEX('Master Task List'!$N:$N,$A86)) | H86: =IF($A86="","",INDEX('Master Task List'!$L:$L,$A86)) | I86: =IF($A86="","",INDEX('Master Task List'!$P:$P,$A86))
A87: =IFERROR(SMALL('Master Task List'!$U$2:$U$600,86),"") | B87: =IF($A87="","",INDEX('Master Task List'!$D:$D,$A87)) | C87: =IF($A87="","",INDEX('Master Task List'!$B:$B,$A87)) | D87: =IF($A87="","",INDEX('Master Task List'!$F:$F,$A87)) | E87: =IF($A87="","",INDEX('Master Task List'!$G:$G,$A87)) | F87: =IF($A87="","",INDEX('Master Task List'!$I:$I,$A87)) | G87: =IF($A87="","",INDEX('Master Task List'!$N:$N,$A87)) | H87: =IF($A87="","",INDEX('Master Task List'!$L:$L,$A87)) | I87: =IF($A87="","",INDEX('Master Task List'!$P:$P,$A87))
A88: =IFERROR(SMALL('Master Task List'!$U$2:$U$600,87),"") | B88: =IF($A88="","",INDEX('Master Task List'!$D:$D,$A88)) | C88: =IF($A88="","",INDEX('Master Task List'!$B:$B,$A88)) | D88: =IF($A88="","",INDEX('Master Task List'!$F:$F,$A88)) | E88: =IF($A88="","",INDEX('Master Task List'!$G:$G,$A88)) | F88: =IF($A88="","",INDEX('Master Task List'!$I:$I,$A88)) | G88: =IF($A88="","",INDEX('Master Task List'!$N:$N,$A88)) | H88: =IF($A88="","",INDEX('Master Task List'!$L:$L,$A88)) | I88: =IF($A88="","",INDEX('Master Task List'!$P:$P,$A88))
A89: =IFERROR(SMALL('Master Task List'!$U$2:$U$600,88),"") | B89: =IF($A89="","",INDEX('Master Task List'!$D:$D,$A89)) | C89: =IF($A89="","",INDEX('Master Task List'!$B:$B,$A89)) | D89: =IF($A89="","",INDEX('Master Task List'!$F:$F,$A89)) | E89: =IF($A89="","",INDEX('Master Task List'!$G:$G,$A89)) | F89: =IF($A89="","",INDEX('Master Task List'!$I:$I,$A89)) | G89: =IF($A89="","",INDEX('Master Task List'!$N:$N,$A89)) | H89: =IF($A89="","",INDEX('Master Task List'!$L:$L,$A89)) | I89: =IF($A89="","",INDEX('Master Task List'!$P:$P,$A89))
A90: =IFERROR(SMALL('Master Task List'!$U$2:$U$600,89),"") | B90: =IF($A90="","",INDEX('Master Task List'!$D:$D,$A90)) | C90: =IF($A90="","",INDEX('Master Task List'!$B:$B,$A90)) | D90: =IF($A90="","",INDEX('Master Task List'!$F:$F,$A90)) | E90: =IF($A90="","",INDEX('Master Task List'!$G:$G,$A90)) | F90: =IF($A90="","",INDEX('Master Task List'!$I:$I,$A90)) | G90: =IF($A90="","",INDEX('Master Task List'!$N:$N,$A90)) | H90: =IF($A90="","",INDEX('Master Task List'!$L:$L,$A90)) | I90: =IF($A90="","",INDEX('Master Task List'!$P:$P,$A90))
A91: =IFERROR(SMALL('Master Task List'!$U$2:$U$600,90),"") | B91: =IF($A91="","",INDEX('Master Task List'!$D:$D,$A91)) | C91: =IF($A91="","",INDEX('Master Task List'!$B:$B,$A91)) | D91: =IF($A91="","",INDEX('Master Task List'!$F:$F,$A91)) | E91: =IF($A91="","",INDEX('Master Task List'!$G:$G,$A91)) | F91: =IF($A91="","",INDEX('Master Task List'!$I:$I,$A91)) | G91: =IF($A91="","",INDEX('Master Task List'!$N:$N,$A91)) | H91: =IF($A91="","",INDEX('Master Task List'!$L:$L,$A91)) | I91: =IF($A91="","",INDEX('Master Task List'!$P:$P,$A91))
A92: =IFERROR(SMALL('Master Task List'!$U$2:$U$600,91),"") | B92: =IF($A92="","",INDEX('Master Task List'!$D:$D,$A92)) | C92: =IF($A92="","",INDEX('Master Task List'!$B:$B,$A92)) | D92: =IF($A92="","",INDEX('Master Task List'!$F:$F,$A92)) | E92: =IF($A92="","",INDEX('Master Task List'!$G:$G,$A92)) | F92: =IF($A92="","",INDEX('Master Task List'!$I:$I,$A92)) | G92: =IF($A92="","",INDEX('Master Task List'!$N:$N,$A92)) | H92: =IF($A92="","",INDEX('Master Task List'!$L:$L,$A92)) | I92: =IF($A92="","",INDEX('Master Task List'!$P:$P,$A92))
A93: =IFERROR(SMALL('Master Task List'!$U$2:$U$600,92),"") | B93: =IF($A93="","",INDEX('Master Task List'!$D:$D,$A93)) | C93: =IF($A93="","",INDEX('Master Task List'!$B:$B,$A93)) | D93: =IF($A93="","",INDEX('Master Task List'!$F:$F,$A93)) | E93: =IF($A93="","",INDEX('Master Task List'!$G:$G,$A93)) | F93: =IF($A93="","",INDEX('Master Task List'!$I:$I,$A93)) | G93: =IF($A93="","",INDEX('Master Task List'!$N:$N,$A93)) | H93: =IF($A93="","",INDEX('Master Task List'!$L:$L,$A93)) | I93: =IF($A93="","",INDEX('Master Task List'!$P:$P,$A93))
A94: =IFERROR(SMALL('Master Task List'!$U$2:$U$600,93),"") | B94: =IF($A94="","",INDEX('Master Task List'!$D:$D,$A94)) | C94: =IF($A94="","",INDEX('Master Task List'!$B:$B,$A94)) | D94: =IF($A94="","",INDEX('Master Task List'!$F:$F,$A94)) | E94: =IF($A94="","",INDEX('Master Task List'!$G:$G,$A94)) | F94: =IF($A94="","",INDEX('Master Task List'!$I:$I,$A94)) | G94: =IF($A94="","",INDEX('Master Task List'!$N:$N,$A94)) | H94: =IF($A94="","",INDEX('Master Task List'!$L:$L,$A94)) | I94: =IF($A94="","",INDEX('Master Task List'!$P:$P,$A94))
A95: =IFERROR(SMALL('Master Task List'!$U$2:$U$600,94),"") | B95: =IF($A95="","",INDEX('Master Task List'!$D:$D,$A95)) | C95: =IF($A95="","",INDEX('Master Task List'!$B:$B,$A95)) | D95: =IF($A95="","",INDEX('Master Task List'!$F:$F,$A95)) | E95: =IF($A95="","",INDEX('Master Task List'!$G:$G,$A95)) | F95: =IF($A95="","",INDEX('Master Task List'!$I:$I,$A95)) | G95: =IF($A95="","",INDEX('Master Task List'!$N:$N,$A95)) | H95: =IF($A95="","",INDEX('Master Task List'!$L:$L,$A95)) | I95: =IF($A95="","",INDEX('Master Task List'!$P:$P,$A95))
A96: =IFERROR(SMALL('Master Task List'!$U$2:$U$600,95),"") | B96: =IF($A96="","",INDEX('Master Task List'!$D:$D,$A96)) | C96: =IF($A96="","",INDEX('Master Task List'!$B:$B,$A96)) | D96: =IF($A96="","",INDEX('Master Task List'!$F:$F,$A96)) | E96: =IF($A96="","",INDEX('Master Task List'!$G:$G,$A96)) | F96: =IF($A96="","",INDEX('Master Task List'!$I:$I,$A96)) | G96: =IF($A96="","",INDEX('Master Task List'!$N:$N,$A96)) | H96: =IF($A96="","",INDEX('Master Task List'!$L:$L,$A96)) | I96: =IF($A96="","",INDEX('Master Task List'!$P:$P,$A96))
A97: =IFERROR(SMALL('Master Task List'!$U$2:$U$600,96),"") | B97: =IF($A97="","",INDEX('Master Task List'!$D:$D,$A97)) | C97: =IF($A97="","",INDEX('Master Task List'!$B:$B,$A97)) | D97: =IF($A97="","",INDEX('Master Task List'!$F:$F,$A97)) | E97: =IF($A97="","",INDEX('Master Task List'!$G:$G,$A97)) | F97: =IF($A97="","",INDEX('Master Task List'!$I:$I,$A97)) | G97: =IF($A97="","",INDEX('Master Task List'!$N:$N,$A97)) | H97: =IF($A97="","",INDEX('Master Task List'!$L:$L,$A97)) | I97: =IF($A97="","",INDEX('Master Task List'!$P:$P,$A97))
A98: =IFERROR(SMALL('Master Task List'!$U$2:$U$600,97),"") | B98: =IF($A98="","",INDEX('Master Task List'!$D:$D,$A98)) | C98: =IF($A98="","",INDEX('Master Task List'!$B:$B,$A98)) | D98: =IF($A98="","",INDEX('Master Task List'!$F:$F,$A98)) | E98: =IF($A98="","",INDEX('Master Task List'!$G:$G,$A98)) | F98: =IF($A98="","",INDEX('Master Task List'!$I:$I,$A98)) | G98: =IF($A98="","",INDEX('Master Task List'!$N:$N,$A98)) | H98: =IF($A98="","",INDEX('Master Task List'!$L:$L,$A98)) | I98: =IF($A98="","",INDEX('Master Task List'!$P:$P,$A98))
A99: =IFERROR(SMALL('Master Task List'!$U$2:$U$600,98),"") | B99: =IF($A99="","",INDEX('Master Task List'!$D:$D,$A99)) | C99: =IF($A99="","",INDEX('Master Task List'!$B:$B,$A99)) | D99: =IF($A99="","",INDEX('Master Task List'!$F:$F,$A99)) | E99: =IF($A99="","",INDEX('Master Task List'!$G:$G,$A99)) | F99: =IF($A99="","",INDEX('Master Task List'!$I:$I,$A99)) | G99: =IF($A99="","",INDEX('Master Task List'!$N:$N,$A99)) | H99: =IF($A99="","",INDEX('Master Task List'!$L:$L,$A99)) | I99: =IF($A99="","",INDEX('Master Task List'!$P:$P,$A99))
A100: =IFERROR(SMALL('Master Task List'!$U$2:$U$600,99),"") | B100: =IF($A100="","",INDEX('Master Task List'!$D:$D,$A100)) | C100: =IF($A100="","",INDEX('Master Task List'!$B:$B,$A100)) | D100: =IF($A100="","",INDEX('Master Task List'!$F:$F,$A100)) | E100: =IF($A100="","",INDEX('Master Task List'!$G:$G,$A100)) | F100: =IF($A100="","",INDEX('Master Task List'!$I:$I,$A100)) | G100: =IF($A100="","",INDEX('Master Task List'!$N:$N,$A100)) | H100: =IF($A100="","",INDEX('Master Task List'!$L:$L,$A100)) | I100: =IF($A100="","",INDEX('Master Task List'!$P:$P,$A100))
...

Sheet Timeline
A1: Damanaty — Project Timeline (Gantt) | K1: Jan 2026 | O1: Feb 2026 | S1: Mar 2026 | X1: Apr 2026 | AB1: May 2026 | AF1: Jun 2026 | AK1: Jul 2026 | AO1: Aug 2026 | AT1: Sep 2026 | AX1: Oct 2026 | BB1: Nov 2026 | BG1: Dec 2026 | BK1: Jan 2027 | BO1: Feb 2027 | BS1: Mar 2027 | BX1: Apr 2027 | CB1: May 2027
K2: 46027 | L2: 46034 | M2: 46041 | N2: 46048 | O2: 46055 | P2: 46062 | Q2: 46069 | R2: 46076 | S2: 46083 | T2: 46090 | U2: 46097 | V2: 46104 | W2: 46111 | X2: 46118 | Y2: 46125 | Z2: 46132 | AA2: 46139 | AB2: 46146 | AC2: 46153 | AD2: 46160 | AE2: 46167 | AF2: 46174 | AG2: 46181 | AH2: 46188 | AI2: 46195 | AJ2: 46202 | AK2: 46209 | AL2: 46216 | AM2: 46223 | AN2: 46230 | AO2: 46237 | AP2: 46244 | AQ2: 46251 | AR2: 46258 | AS2: 46265 | AT2: 46272 | AU2: 46279 | AV2: 46286 | AW2: 46293 | AX2: 46300 | AY2: 46307 | AZ2: 46314 | BA2: 46321 | BB2: 46328 | BC2: 46335 | BD2: 46342 | BE2: 46349 | BF2: 46356 | BG2: 46363 | BH2: 46370 | BI2: 46377 | BJ2: 46384 | BK2: 46391 | BL2: 46398 | BM2: 46405 | BN2: 46412 | BO2: 46419 | BP2: 46426 | BQ2: 46433 | BR2: 46440 | BS2: 46447 | BT2: 46454 | BU2: 46461 | BV2: 46468 | BW2: 46475 | BX2: 46482 | BY2: 46489 | BZ2: 46496 | CA2: 46503 | CB2: 46510
A3: Task ID | B3: Task | C3: Module | D3: Owner | E3: Status | F3: Priority | G3: Risk Level | H3: Start Date | I3: End Date | J3: Duration
A4: ='Master Task List'!A2 -> DMT-001 | B4: ='Master Task List'!D2 -> إعداد ميثاق المشروع | C4: ='Master Task List'!B2 -> Project Planning | D4: ='Master Task List'!G2 -> سارة العتيبي | E4: ='Master Task List'!I2 -> Completed | F4: ='Master Task List'!F2 -> Low | G4: ='Master Task List'!Q2 -> Low | H4: ='Master Task List'!K2 -> 46027 | I4: ='Master Task List'!L2 -> 46036 | J4: ='Master Task List'!N2 -> 10
A5: ='Master Task List'!A3 -> DMT-002 | B5: ='Master Task List'!D3 -> بناء خطة العمل الزمنية | C5: ='Master Task List'!B3 -> Project Planning | D5: ='Master Task List'!G3 -> سارة العتيبي | E5: ='Master Task List'!I3 -> Completed | F5: ='Master Task List'!F3 -> Medium | G5: ='Master Task List'!Q3 -> Low | H5: ='Master Task List'!K3 -> 46037 | I5: ='Master Task List'!L3 -> 46046 | J5: ='Master Task List'!N3 -> 10
A6: ='Master Task List'!A4 -> DMT-003 | B6: ='Master Task List'!D4 -> تخصيص فريق العمل | C6: ='Master Task List'!B4 -> Project Planning | D6: ='Master Task List'!G4 -> سارة العتيبي | E6: ='Master Task List'!I4 -> Completed | F6: ='Master Task List'!F4 -> Medium | G6: ='Master Task List'!Q4 -> Low | H6: ='Master Task List'!K4 -> 46047 | I6: ='Master Task List'!L4 -> 46056 | J6: ='Master Task List'!N4 -> 10
A7: ='Master Task List'!A5 -> DMT-004 | B7: ='Master Task List'!D5 -> جمع متطلبات الضمانات | C7: ='Master Task List'!B5 -> Business Analysis | D7: ='Master Task List'!G5 -> محمد القحطاني | E7: ='Master Task List'!I5 -> Completed | F7: ='Master Task List'!F5 -> Low | G7: ='Master Task List'!Q5 -> Low | H7: ='Master Task List'!K5 -> 46042 | I7: ='Master Task List'!L5 -> 46056 | J7: ='Master Task List'!N5 -> 15
A8: ='Master Task List'!A6 -> DMT-005 | B8: ='Master Task List'!D6 -> تحليل نموذج العمل | C8: ='Master Task List'!B6 -> Business Analysis | D8: ='Master Task List'!G6 -> محمد القحطاني | E8: ='Master Task List'!I6 -> Completed | F8: ='Master Task List'!F6 -> Medium | G8: ='Master Task List'!Q6 -> Low | H8: ='Master Task List'!K6 -> 46057 | I8: ='Master Task List'!L6 -> 46072 | J8: ='Master Task List'!N6 -> 16
A9: ='Master Task List'!A7 -> DMT-006 | B9: ='Master Task List'!D7 -> إعداد وثيقة المتطلبات (BRD) | C9: ='Master Task List'!B7 -> Business Analysis | D9: ='Master Task List'!G7 -> محمد القحطاني | E9: ='Master Task List'!I7 -> Completed | F9: ='Master Task List'!F7 -> Medium | G9: ='Master Task List'!Q7 -> Low | H9: ='Master Task List'!K7 -> 46073 | I9: ='Master Task List'!L7 -> 46087 | J9: ='Master Task List'!N7 -> 15
A10: ='Master Task List'!A8 -> DMT-007 | B10: ='Master Task List'!D8 -> بناء خرائط تدفق المستخدم | C10: ='Master Task List'!B8 -> UI/UX Design | D10: ='Master Task List'!G8 -> نورة الدوسري | E10: ='Master Task List'!I8 -> Completed | F10: ='Master Task List'!F8 -> Medium | G10: ='Master Task List'!Q8 -> Low | H10: ='Master Task List'!K8 -> 46073 | I10: ='Master Task List'!L8 -> 46092 | J10: ='Master Task List'!N8 -> 20
A11: ='Master Task List'!A9 -> DMT-008 | B11: ='Master Task List'!D9 -> تصميم نظام التصميم (Design System) | C11: ='Master Task List'!B9 -> UI/UX Design | D11: ='Master Task List'!G9 -> نورة الدوسري | E11: ='Master Task List'!I9 -> Completed | F11: ='Master Task List'!F9 -> Medium | G11: ='Master Task List'!Q9 -> Low | H11: ='Master Task List'!K9 -> 46093 | I11: ='Master Task List'!L9 -> 46112 | J11: ='Master Task List'!N9 -> 20
A12: ='Master Task List'!A10 -> DMT-009 | B12: ='Master Task List'!D10 -> تصميم النماذج التفاعلية (Prototype) | C12: ='Master Task List'!B10 -> UI/UX Design | D12: ='Master Task List'!G10 -> نورة الدوسري | E12: ='Master Task List'!I10 -> Completed | F12: ='Master Task List'!F10 -> Medium | G12: ='Master Task List'!Q10 -> Low | H12: ='Master Task List'!K10 -> 46113 | I12: ='Master Task List'!L10 -> 46132 | J12: ='Master Task List'!N10 -> 20
A13: ='Master Task List'!A11 -> DMT-010 | B13: ='Master Task List'!D11 -> تصميم الشعار وتصميم الهوية | C13: ='Master Task List'!B11 -> Branding | D13: ='Master Task List'!G11 -> عبدالله الشمري | E13: ='Master Task List'!I11 -> Completed | F13: ='Master Task List'!F11 -> Low | G13: ='Master Task List'!Q11 -> Low | H13: ='Master Task List'!K11 -> 46073 | I13: ='Master Task List'!L11 -> 46087 | J13: ='Master Task List'!N11 -> 15
A14: ='Master Task List'!A12 -> DMT-011 | B14: ='Master Task List'!D12 -> تطوير دليل العلامة التجارية | C14: ='Master Task List'!B12 -> Branding | D14: ='Master Task List'!G12 -> عبدالله الشمري | E14: ='Master Task List'!I12 -> Completed | F14: ='Master Task List'!F12 -> Medium | G14: ='Master Task List'!Q12 -> Low | H14: ='Master Task List'!K12 -> 46088 | I14: ='Master Task List'!L12 -> 46102 | J14: ='Master Task List'!N12 -> 15
A15: ='Master Task List'!A13 -> DMT-012 | B15: ='Master Task List'!D13 -> تصميم مواد تسويقية أولية | C15: ='Master Task List'!B13 -> Branding | D15: ='Master Task List'!G13 -> عبدالله الشمري | E15: ='Master Task List'!I13 -> Completed | F15: ='Master Task List'!F13 -> Medium | G15: ='Master Task List'!Q13 -> Low | H15: ='Master Task List'!K13 -> 46103 | I15: ='Master Task List'!L13 -> 46117 | J15: ='Master Task List'!N13 -> 15
... A93: ='Master Task List'!A91 -> DMT-090 | B93: ='Master Task List'!D91 -> خطة التوسع للمرحلة الثانية | C93: ='Master Task List'!B91 -> Post Launch Improvements | D93: ='Master Task List'!G91 -> جواهر العصيمي | E93: ='Master Task List'!I91 -> Not Started | F93: ='Master Task List'!F91 -> Medium | G93: ='Master Task List'!Q91 -> Low | H93: ='Master Task List'!K91 -> 46493 | I93: ='Master Task List'!L91 -> 46512 | J93: ='Master Task List'!N91 -> 20
A95: Milestones (◆)
A96: Milestone ID | B96: Milestone | F96: Priority | H96: Target
A97: M01 | B97: =Milestones!A2 -> انطلاقة المشروع رسميًا | F97: =Milestones!H2 -> Critical | H97: =Milestones!C2 -> 46042 | K97: =IF(AND(K$2<=$H97,(K$2+6)>=$H97),"◆","") | L97: =IF(AND(L$2<=$H97,(L$2+6)>=$H97),"◆","") | M97: =IF(AND(M$2<=$H97,(M$2+6)>=$H97),"◆","") -> ◆ | N97: =IF(AND(N$2<=$H97,(N$2+6)>=$H97),"◆","") | O97: =IF(AND(O$2<=$H97,(O$2+6)>=$H97),"◆","") | P97: =IF(AND(P$2<=$H97,(P$2+6)>=$H97),"◆","") | Q97: =IF(AND(Q$2<=$H97,(Q$2+6)>=$H97),"◆","") | R97: =IF(AND(R$2<=$H97,(R$2+6)>=$H97),"◆","") | ... CB97: =IF(AND(CB$2<=$H97,(CB$2+6)>=$H97),"◆","")
A98: M02 | B98: =Milestones!A3 -> اعتماد التصميم النهائي (UI/UX) | F98: =Milestones!H3 -> High | H98: =Milestones!C3 -> 46106 | K98: =IF(AND(K$2<=$H98,(K$2+6)>=$H98),"◆","") | L98: =IF(AND(L$2<=$H98,(L$2+6)>=$H98),"◆","") | M98: =IF(AND(M$2<=$H98,(M$2+6)>=$H98),"◆","") | N98: =IF(AND(N$2<=$H98,(N$2+6)>=$H98),"◆","") | O98: =IF(AND(O$2<=$H98,(O$2+6)>=$H98),"◆","") | P98: =IF(AND(P$2<=$H98,(P$2+6)>=$H98),"◆","") | Q98: =IF(AND(Q$2<=$H98,(Q$2+6)>=$H98),"◆","") | R98: =IF(AND(R$2<=$H98,(R$2+6)>=$H98),"◆","") | ... CB98: =IF(AND(CB$2<=$H98,(CB$2+6)>=$H98),"◆","")
A99: M03 | B99: =Milestones!A4 -> إصدار النسخة التجريبية الأولى (Alpha) | F99: =Milestones!H4 -> Critical | H99: =Milestones!C4 -> 46249 | K99: =IF(AND(K$2<=$H99,(K$2+6)>=$H99),"◆","") | L99: =IF(AND(L$2<=$H99,(L$2+6)>=$H99),"◆","") | M99: =IF(AND(M$2<=$H99,(M$2+6)>=$H99),"◆","") | N99: =IF(AND(N$2<=$H99,(N$2+6)>=$H99),"◆","") | O99: =IF(AND(O$2<=$H99,(O$2+6)>=$H99),"◆","") | P99: =IF(AND(P$2<=$H99,(P$2+6)>=$H99),"◆","") | Q99: =IF(AND(Q$2<=$H99,(Q$2+6)>=$H99),"◆","") | R99: =IF(AND(R$2<=$H99,(R$2+6)>=$H99),"◆","") | ... CB99: =IF(AND(CB$2<=$H99,(CB$2+6)>=$H99),"◆","")
A100: M04 | B100: =Milestones!A5 -> اكتمال وحدة إدارة الضمانات الأساسية | F100: =Milestones!H5 -> Critical | H100: =Milestones!C5 -> 46295 | K100: =IF(AND(K$2<=$H100,(K$2+6)>=$H100),"◆","") | L100: =IF(AND(L$2<=$H100,(L$2+6)>=$H100),"◆","") | M100: =IF(AND(M$2<=$H100,(M$2+6)>=$H100),"◆","") | N100: =IF(AND(N$2<=$H100,(N$2+6)>=$H100),"◆","") | O100: =IF(AND(O$2<=$H100,(O$2+6)>=$H100),"◆","") | P100: =IF(AND(P$2<=$H100,(P$2+6)>=$H100),"◆","") | Q100: =IF(AND(Q$2<=$H100,(Q$2+6)>=$H100),"◆","") | R100: =IF(AND(R$2<=$H100,(R$2+6)>=$H100),"◆","") | ... CB100: =IF(AND(CB$2<=$H100,(CB$2+6)>=$H100),"◆","")
A101: M05 | B101: =Milestones!A6 -> إصدار النسخة التجريبية العامة (Beta) | F101: =Milestones!H6 -> High | H101: =Milestones!C6 -> 46341 | K101: =IF(AND(K$2<=$H101,(K$2+6)>=$H101),"◆","") | L101: =IF(AND(L$2<=$H101,(L$2+6)>=$H101),"◆","") | M101: =IF(AND(M$2<=$H101,(M$2+6)>=$H101),"◆","") | N101: =IF(AND(N$2<=$H101,(N$2+6)>=$H101),"◆","") | O101: =IF(AND(O$2<=$H101,(O$2+6)>=$H101),"◆","") | P101: =IF(AND(P$2<=$H101,(P$2+6)>=$H101),"◆","") | Q101: =IF(AND(Q$2<=$H101,(Q$2+6)>=$H101),"◆","") | R101: =IF(AND(R$2<=$H101,(R$2+6)>=$H101),"◆","") | ... CB101: =IF(AND(CB$2<=$H101,(CB$2+6)>=$H101),"◆","")
A102: M06 | B102: =Milestones!A7 -> اكتمال الاختبارات الأمنية والأداء | F102: =Milestones!H7 -> Critical | H102: =Milestones!C7 -> 46397 | K102: =IF(AND(K$2<=$H102,(K$2+6)>=$H102),"◆","") | L102: =IF(AND(L$2<=$H102,(L$2+6)>=$H102),"◆","") | M102: =IF(AND(M$2<=$H102,(M$2+6)>=$H102),"◆","") | N102: =IF(AND(N$2<=$H102,(N$2+6)>=$H102),"◆","") | O102: =IF(AND(O$2<=$H102,(O$2+6)>=$H102),"◆","") | P102: =IF(AND(P$2<=$H102,(P$2+6)>=$H102),"◆","") | Q102: =IF(AND(Q$2<=$H102,(Q$2+6)>=$H102),"◆","") | R102: =IF(AND(R$2<=$H102,(R$2+6)>=$H102),"◆","") | ... CB102: =IF(AND(CB$2<=$H102,(CB$2+6)>=$H102),"◆","")
A103: M07 | B103: =Milestones!A8 -> الجاهزية للإطلاق (Go-Live Readiness) | F103: =Milestones!H8 -> Critical | H103: =Milestones!C8 -> 46438 | K103: =IF(AND(K$2<=$H103,(K$2+6)>=$H103),"◆","") | L103: =IF(AND(L$2<=$H103,(L$2+6)>=$H103),"◆","") | M103: =IF(AND(M$2<=$H103,(M$2+6)>=$H103),"◆","") | N103: =IF(AND(N$2<=$H103,(N$2+6)>=$H103),"◆","") | O103: =IF(AND(O$2<=$H103,(O$2+6)>=$H103),"◆","") | P103: =IF(AND(P$2<=$H103,(P$2+6)>=$H103),"◆","") | Q103: =IF(AND(Q$2<=$H103,(Q$2+6)>=$H103),"◆","") | R103: =IF(AND(R$2<=$H103,(R$2+6)>=$H103),"◆","") | ... CB103: =IF(AND(CB$2<=$H103,(CB$2+6)>=$H103),"◆","")
A104: M08 | B104: =Milestones!A9 -> الإطلاق الرسمي للتطبيق | F104: =Milestones!H9 -> Critical | H104: =Milestones!C9 -> 46451 | K104: =IF(AND(K$2<=$H104,(K$2+6)>=$H104),"◆","") | L104: =IF(AND(L$2<=$H104,(L$2+6)>=$H104),"◆","") | M104: =IF(AND(M$2<=$H104,(M$2+6)>=$H104),"◆","") | N104: =IF(AND(N$2<=$H104,(N$2+6)>=$H104),"◆","") | O104: =IF(AND(O$2<=$H104,(O$2+6)>=$H104),"◆","") | P104: =IF(AND(P$2<=$H104,(P$2+6)>=$H104),"◆","") | Q104: =IF(AND(Q$2<=$H104,(Q$2+6)>=$H104),"◆","") | R104: =IF(AND(R$2<=$H104,(R$2+6)>=$H104),"◆","") | ... CB104: =IF(AND(CB$2<=$H104,(CB$2+6)>=$H104),"◆","")

Sheet Milestones
A1: Milestone | B1: Description | C1: Target Date | D1: Status | E1: Owner | F1: Progress | G1: Dependencies | H1: Priority | I1: _PrimaryModule | J1: _UpcomingKey
A2: انطلاقة المشروع رسميًا | B2: اعتماد ميثاق المشروع وبدء التنفيذ الفعلي | C2: 46042 | D2: =_xlfn.IFS($F2>=1,"Completed",$F2>0,"In Progress",$C2<TODAY(),"Delayed",TRUE(),"Not Started") -> Completed | E2: سارة العتيبي | F2: 1 | G2: - | H2: Critical | J2: =IF(AND($D2<>"Completed",$C2<=TODAY()+30),ROW(),"")
A3: اعتماد التصميم النهائي (UI/UX) | B3: اعتماد نظام التصميم والنماذج التفاعلية من الإدارة | C3: 46106 | D3: =_xlfn.IFS($F3>=1,"Completed",$F3>0,"In Progress",$C3<TODAY(),"Delayed",TRUE(),"Not Started") -> Completed | E3: نورة الدوسري | F3: =IFERROR(AVERAGEIFS('Master Task List'!$J:$J,'Master Task List'!$B:$B,$I3),0) -> 1 | G3: UI/UX Design | H3: High | I3: UI/UX Design | J3: =IF(AND($D3<>"Completed",$C3<=TODAY()+30),ROW(),"")
A4: إصدار النسخة التجريبية الأولى (Alpha) | B4: إتاحة نسخة داخلية تجريبية للتطبيق ولوحة التحكم | C4: 46249 | D4: =_xlfn.IFS($F4>=1,"Completed",$F4>0,"In Progress",$C4<TODAY(),"Delayed",TRUE(),"Not Started") -> In Progress | E4: فيصل المطيري | F4: =IFERROR(AVERAGEIFS('Master Task List'!$J:$J,'Master Task List'!$B:$B,$I4),0) -> 0.68333333 | G4: Mobile App, Web Dashboard | H4: Critical | I4: Mobile App | J4: =IF(AND($D4<>"Completed",$C4<=TODAY()+30),ROW(),"") -> 4
A5: اكتمال وحدة إدارة الضمانات الأساسية | B5: تسجيل والتحقق من الضمانات بشكل كامل | C5: 46295 | D5: =_xlfn.IFS($F5>=1,"Completed",$F5>0,"In Progress",$C5<TODAY(),"Delayed",TRUE(),"Not Started") -> In Progress | E5: خالد الغامدي | F5: =IFERROR(AVERAGEIFS('Master Task List'!$J:$J,'Master Task List'!$B:$B,$I5),0) -> 0.68333333 | G5: Guarantee Management, Guarantee Verification | H5: Critical | I5: Guarantee Management | J5: =IF(AND($D5<>"Completed",$C5<=TODAY()+30),ROW(),"")
A6: إصدار النسخة التجريبية العامة (Beta) | B6: إتاحة النسخة التجريبية لعدد محدود من المستخدمين الخارجيين | C6: 46341 | D6: =_xlfn.IFS($F6>=1,"Completed",$F6>0,"In Progress",$C6<TODAY(),"Delayed",TRUE(),"Not Started") -> In Progress | E6: جواهر العصيمي | F6: =IFERROR(AVERAGEIFS('Master Task List'!$J:$J,'Master Task List'!$B:$B,$I6),0) -> 0.33333333 | G6: Guarantee Registration, Notifications, Search | H6: High | I6: Guarantee Registration | J6: =IF(AND($D6<>"Completed",$C6<=TODAY()+30),ROW(),"")
A7: اكتمال الاختبارات الأمنية والأداء | B7: اجتياز اختبارات الاختراق والأداء بنجاح | C7: 46397 | D7: =_xlfn.IFS($F7>=1,"Completed",$F7>0,"In Progress",$C7<TODAY(),"Delayed",TRUE(),"Not Started") -> In Progress | E7: عمر باقادر | F7: =IFERROR(AVERAGEIFS('Master Task List'!$J:$J,'Master Task List'!$B:$B,$I7),0) -> 0.28333333 | G7: Security, Testing, Performance | H7: Critical | I7: Security | J7: =IF(AND($D7<>"Completed",$C7<=TODAY()+30),ROW(),"")
A8: الجاهزية للإطلاق (Go-Live Readiness) | B8: اكتمال جميع المتطلبات التقنية والقانونية والتشغيلية للإطلاق | C8: 46438 | D8: =_xlfn.IFS($F8>=1,"Completed",$F8>0,"In Progress",$C8<TODAY(),"Delayed",TRUE(),"Not Started") -> Not Started | E8: سارة العتيبي | F8: =IFERROR(AVERAGEIFS('Master Task List'!$J:$J,'Master Task List'!$B:$B,$I8),0) -> 0 | G8: Deployment, Legal Compliance, Documentation | H8: Critical | I8: Deployment | J8: =IF(AND($D8<>"Completed",$C8<=TODAY()+30),ROW(),"")
A9: الإطلاق الرسمي للتطبيق | B9: إطلاق تطبيق ضماناتي للجمهور رسميًا | C9: 46451 | D9: =_xlfn.IFS($F9>=1,"Completed",$F9>0,"In Progress",$C9<TODAY(),"Delayed",TRUE(),"Not Started") -> Not Started | E9: جواهر العصيمي | F9: =IFERROR(AVERAGEIFS('Master Task List'!$J:$J,'Master Task List'!$B:$B,$I9),0) -> 0 | G9: Launch Preparation | H9: Critical | I9: Launch Preparation | J9: =IF(AND($D9<>"Completed",$C9<=TODAY()+30),ROW(),"")

Sheet Risk Register
A1: Risk | B1: Probability | C1: Impact | D1: Severity | E1: Mitigation Plan | F1: Owner | G1: Status | H1: _RankKey
A2: تأخر تكامل الأنظمة مع الموردين الخارجيين للتحقق من الضمانات | B2: 4 | C2: 5 | D2: =$B2*$C2 -> 20 | E2: إعداد اتفاقيات تكامل مبكرة واختبار بيئات وهمية (Sandbox) مع الموردين الرئيسيين | F2: خالد الغامدي | G2: Open | H2: =$D2+(1000-ROW())/1000000 -> 20.000998
A3: نقص بيانات تدريب نموذج الذكاء الاصطناعي (OCR) | B3: 3 | C3: 4 | D3: =$B3*$C3 -> 12 | E3: التعاون مع شركاء لجمع عينات فواتير حقيقية وتوليد بيانات اصطناعية إضافية | F3: منيرة القرني | G3: Open | H3: =$D3+(1000-ROW())/1000000 -> 12.000997
A4: مخاطر أمنية متعلقة بحماية بيانات المستخدمين والضمانات | B4: 2 | C4: 5 | D4: =$B4*$C4 -> 10 | E4: تطبيق التشفير الشامل وإجراء اختبارات اختراق دورية قبل الإطلاق | F4: عمر باقادر | G4: Mitigating | H4: =$D4+(1000-ROW())/1000000 -> 10.000996
A5: تأخر اعتماد التوافق مع نظام حماية البيانات الشخصية | B5: 3 | C5: 4 | D5: =$B5*$C5 -> 12 | E5: إشراك الفريق القانوني مبكرًا ومراجعة الامتثال بشكل تدريجي مع كل وحدة | F5: ياسر الأحمدي | G5: Open | H5: =$D5+(1000-ROW())/1000000 -> 12.000995
A6: تجاوز الميزانية المخصصة للبنية التحتية السحابية | B6: 3 | C6: 3 | D6: =$B6*$C6 -> 9 | E6: مراقبة الاستهلاك الشهري وتفعيل تنبيهات تجاوز الميزانية على مزود السحابة | F6: تركي السبيعي | G6: Mitigating | H6: =$D6+(1000-ROW())/1000000 -> 9.000994
A7: دوران الموظفين في فريق التطوير الأساسي | B7: 2 | C7: 4 | D7: =$B7*$C7 -> 8 | E7: توثيق المعرفة التقنية بشكل مستمر وتوزيع المسؤوليات بين أكثر من مطور | F7: سارة العتيبي | G7: Open | H7: =$D7+(1000-ROW())/1000000 -> 8.000993
A8: تأخر تسجيل العلامة التجارية قبل موعد الإطلاق | B8: 2 | C8: 3 | D8: =$B8*$C8 -> 6 | E8: متابعة دورية مع الجهة المختصة والتقديم المبكر لطلب التسجيل | F8: ياسر الأحمدي | G8: Mitigating | H8: =$D8+(1000-ROW())/1000000 -> 6.000992
A9: ضعف أداء النظام تحت ضغط عدد كبير من المستخدمين عند الإطلاق | B9: 3 | C9: 4 | D9: =$B9*$C9 -> 12 | E9: إجراء اختبارات تحمل مبكرة وتصميم بنية قابلة للتوسع أفقيًا | F9: هند الزهراني | G9: Open | H9: =$D9+(1000-ROW())/1000000 -> 12.000991
A10: مقاومة المستخدمين لتبني التطبيق مقارنة بالطرق التقليدية | B10: 3 | C10: 3 | D10: =$B10*$C10 -> 9 | E10: حملة توعوية وتجربة مستخدم مبسطة مع حوافز للاستخدام المبكر | F10: جواهر العصيمي | G10: Open | H10: =$D10+(1000-ROW())/1000000 -> 9.00099
A11: تغييرات تنظيمية أو قانونية مفاجئة تؤثر على نموذج العمل | B11: 2 | C11: 5 | D11: =$B11*$C11 -> 10 | E11: متابعة مستمرة للتحديثات التنظيمية وبناء نموذج عمل مرن قابل للتكيف | F11: ياسر الأحمدي | G11: Open | H11: =$D11+(1000-ROW())/1000000 -> 10.000989

Sheet Team Progress
A1: Team Member | B1: Department | C1: Tasks Assigned | D1: Completed | E1: Remaining | F1: Average Progress | G1: Blocked Tasks | H1: Productivity %
A2: سارة العتيبي | B2: PMO | C2: =COUNTIF('Master Task List'!$G:$G,$A2) -> 6 | D2: =COUNTIFS('Master Task List'!$G:$G,$A2,'Master Task List'!$I:$I,"Completed") -> 3 | E2: =COUNTIFS('Master Task List'!$G:$G,$A2,'Master Task List'!$I:$I,"Not Started")+COUNTIFS('Master Task List'!$G:$G,$A2,'Master Task List'!$I:$I,"Planning")+COUNTIFS('Master Task List'!$G:$G,$A2,'Master Task List'!$I:$I,"Blocked") -> 3 | F2: =IFERROR(AVERAGEIFS('Master Task List'!$J:$J,'Master Task List'!$G:$G,$A2),0) -> 0.5 | G2: =COUNTIFS('Master Task List'!$G:$G,$A2,'Master Task List'!$I:$I,"Blocked") -> 0 | H2: =IFERROR($D2/$C2,0) -> 0.5
A3: محمد القحطاني | B3: Business Analysis | C3: =COUNTIF('Master Task List'!$G:$G,$A3) -> 3 | D3: =COUNTIFS('Master Task List'!$G:$G,$A3,'Master Task List'!$I:$I,"Completed") -> 3 | E3: =COUNTIFS('Master Task List'!$G:$G,$A3,'Master Task List'!$I:$I,"Not Started")+COUNTIFS('Master Task List'!$G:$G,$A3,'Master Task List'!$I:$I,"Planning")+COUNTIFS('Master Task List'!$G:$G,$A3,'Master Task List'!$I:$I,"Blocked") -> 0 | F3: =IFERROR(AVERAGEIFS('Master Task List'!$J:$J,'Master Task List'!$G:$G,$A3),0) -> 1 | G3: =COUNTIFS('Master Task List'!$G:$G,$A3,'Master Task List'!$I:$I,"Blocked") -> 0 | H3: =IFERROR($D3/$C3,0) -> 1
A4: نورة الدوسري | B4: Design | C4: =COUNTIF('Master Task List'!$G:$G,$A4) -> 3 | D4: =COUNTIFS('Master Task List'!$G:$G,$A4,'Master Task List'!$I:$I,"Completed") -> 3 | E4: =COUNTIFS('Master Task List'!$G:$G,$A4,'Master Task List'!$I:$I,"Not Started")+COUNTIFS('Master Task List'!$G:$G,$A4,'Master Task List'!$I:$I,"Planning")+COUNTIFS('Master Task List'!$G:$G,$A4,'Master Task List'!$I:$I,"Blocked") -> 0 | F4: =IFERROR(AVERAGEIFS('Master Task List'!$J:$J,'Master Task List'!$G:$G,$A4),0) -> 1 | G4: =COUNTIFS('Master Task List'!$G:$G,$A4,'Master Task List'!$I:$I,"Blocked") -> 0 | H4: =IFERROR($D4/$C4,0) -> 1
A5: عبدالله الشمري | B5: Design | C5: =COUNTIF('Master Task List'!$G:$G,$A5) -> 3 | D5: =COUNTIFS('Master Task List'!$G:$G,$A5,'Master Task List'!$I:$I,"Completed") -> 3 | E5: =COUNTIFS('Master Task List'!$G:$G,$A5,'Master Task List'!$I:$I,"Not Started")+COUNTIFS('Master Task List'!$G:$G,$A5,'Master Task List'!$I:$I,"Planning")+COUNTIFS('Master Task List'!$G:$G,$A5,'Master Task List'!$I:$I,"Blocked") -> 0 | F5: =IFERROR(AVERAGEIFS('Master Task List'!$J:$J,'Master Task List'!$G:$G,$A5),0) -> 1 | G5: =COUNTIFS('Master Task List'!$G:$G,$A5,'Master Task List'!$I:$I,"Blocked") -> 0 | H5: =IFERROR($D5/$C5,0) -> 1
A6: فيصل المطيري | B6: Engineering | C6: =COUNTIF('Master Task List'!$G:$G,$A6) -> 6 | D6: =COUNTIFS('Master Task List'!$G:$G,$A6,'Master Task List'!$I:$I,"Completed") -> 0 | E6: =COUNTIFS('Master Task List'!$G:$G,$A6,'Master Task List'!$I:$I,"Not Started")+COUNTIFS('Master Task List'!$G:$G,$A6,'Master Task List'!$I:$I,"Planning")+COUNTIFS('Master Task List'!$G:$G,$A6,'Master Task List'!$I:$I,"Blocked") -> 3 | F6: =IFERROR(AVERAGEIFS('Master Task List'!$J:$J,'Master Task List'!$G:$G,$A6),0) -> 0.34166667 | G6: =COUNTIFS('Master Task List'!$G:$G,$A6,'Master Task List'!$I:$I,"Blocked") -> 0 | H6: =IFERROR($D6/$C6,0) -> 0
A7: ريم الحربي | B7: Engineering | C7: =COUNTIF('Master Task List'!$G:$G,$A7) -> 9 | D7: =COUNTIFS('Master Task List'!$G:$G,$A7,'Master Task List'!$I:$I,"Completed") -> 0 | E7: =COUNTIFS('Master Task List'!$G:$G,$A7,'Master Task List'!$I:$I,"Not Started")+COUNTIFS('Master Task List'!$G:$G,$A7,'Master Task List'!$I:$I,"Planning")+COUNTIFS('Master Task List'!$G:$G,$A7,'Master Task List'!$I:$I,"Blocked") -> 6 | F7: =IFERROR(AVERAGEIFS('Master Task List'!$J:$J,'Master Task List'!$G:$G,$A7),0) -> 0.22777778 | G7: =COUNTIFS('Master Task List'!$G:$G,$A7,'Master Task List'!$I:$I,"Blocked") -> 0 | H7: =IFERROR($D7/$C7,0) -> 0
A8: خالد الغامدي | B8: Engineering | C8: =COUNTIF('Master Task List'!$G:$G,$A8) -> 12 | D8: =COUNTIFS('Master Task List'!$G:$G,$A8,'Master Task List'!$I:$I,"Completed") -> 3 | E8: =COUNTIFS('Master Task List'!$G:$G,$A8,'Master Task List'!$I:$I,"Not Started")+COUNTIFS('Master Task List'!$G:$G,$A8,'Master Task List'!$I:$I,"Planning")+COUNTIFS('Master Task List'!$G:$G,$A8,'Master Task List'!$I:$I,"Blocked") -> 4 | F8: =IFERROR(AVERAGEIFS('Master Task List'!$J:$J,'Master Task List'!$G:$G,$A8),0) -> 0.57083333 | G8: =COUNTIFS('Master Task List'!$G:$G,$A8,'Master Task List'!$I:$I,"Blocked") -> 1 | H8: =IFERROR($D8/$C8,0) -> 0.25
A9: لمياء العنزي | B9: Engineering | C9: =COUNTIF('Master Task List'!$G:$G,$A9) -> 12 | D9: =COUNTIFS('Master Task List'!$G:$G,$A9,'Master Task List'!$I:$I,"Completed") -> 1 | E9: =COUNTIFS('Master Task List'!$G:$G,$A9,'Master Task List'!$I:$I,"Not Started")+COUNTIFS('Master Task List'!$G:$G,$A9,'Master Task List'!$I:$I,"Planning")+COUNTIFS('Master Task List'!$G:$G,$A9,'Master Task List'!$I:$I,"Blocked") -> 4 | F9: =IFERROR(AVERAGEIFS('Master Task List'!$J:$J,'Master Task List'!$G:$G,$A9),0) -> 0.4375 | G9: =COUNTIFS('Master Task List'!$G:$G,$A9,'Master Task List'!$I:$I,"Blocked") -> 0 | H9: =IFERROR($D9/$C9,0) -> 0.083333333
A10: تركي السبيعي | B10: DevOps | C10: =COUNTIF('Master Task List'!$G:$G,$A10) -> 6 | D10: =COUNTIFS('Master Task List'!$G:$G,$A10,'Master Task List'!$I:$I,"Completed") -> 0 | E10: =COUNTIFS('Master Task List'!$G:$G,$A10,'Master Task List'!$I:$I,"Not Started")+COUNTIFS('Master Task List'!$G:$G,$A10,'Master Task List'!$I:$I,"Planning")+COUNTIFS('Master Task List'!$G:$G,$A10,'Master Task List'!$I:$I,"Blocked") -> 3 | F10: =IFERROR(AVERAGEIFS('Master Task List'!$J:$J,'Master Task List'!$G:$G,$A10),0) -> 0.23333333 | G10: =COUNTIFS('Master Task List'!$G:$G,$A10,'Master Task List'!$I:$I,"Blocked") -> 0 | H10: =IFERROR($D10/$C10,0) -> 0
A11: هند الزهراني | B11: QA | C11: =COUNTIF('Master Task List'!$G:$G,$A11) -> 6 | D11: =COUNTIFS('Master Task List'!$G:$G,$A11,'Master Task List'!$I:$I,"Completed") -> 0 | E11: =COUNTIFS('Master Task List'!$G:$G,$A11,'Master Task List'!$I:$I,"Not Started")+COUNTIFS('Master Task List'!$G:$G,$A11,'Master Task List'!$I:$I,"Planning")+COUNTIFS('Master Task List'!$G:$G,$A11,'Master Task List'!$I:$I,"Blocked") -> 6 | F11: =IFERROR(AVERAGEIFS('Master Task List'!$J:$J,'Master Task List'!$G:$G,$A11),0) -> 0 | G11: =COUNTIFS('Master Task List'!$G:$G,$A11,'Master Task List'!$I:$I,"Blocked") -> 0 | H11: =IFERROR($D11/$C11,0) -> 0
A12: عمر باقادر | B12: Security | C12: =COUNTIF('Master Task List'!$G:$G,$A12) -> 3 | D12: =COUNTIFS('Master Task List'!$G:$G,$A12,'Master Task List'!$I:$I,"Completed") -> 0 | E12: =COUNTIFS('Master Task List'!$G:$G,$A12,'Master Task List'!$I:$I,"Not Started")+COUNTIFS('Master Task List'!$G:$G,$A12,'Master Task List'!$I:$I,"Planning")+COUNTIFS('Master Task List'!$G:$G,$A12,'Master Task List'!$I:$I,"Blocked") -> 1 | F12: =IFERROR(AVERAGEIFS('Master Task List'!$J:$J,'Master Task List'!$G:$G,$A12),0) -> 0.28333333 | G12: =COUNTIFS('Master Task List'!$G:$G,$A12,'Master Task List'!$I:$I,"Blocked") -> 0 | H12: =IFERROR($D12/$C12,0) -> 0
A13: منيرة القرني | B13: Data & AI | C13: =COUNTIF('Master Task List'!$G:$G,$A13) -> 9 | D13: =COUNTIFS('Master Task List'!$G:$G,$A13,'Master Task List'!$I:$I,"Completed") -> 0 | E13: =COUNTIFS('Master Task List'!$G:$G,$A13,'Master Task List'!$I:$I,"Not Started")+COUNTIFS('Master Task List'!$G:$G,$A13,'Master Task List'!$I:$I,"Planning")+COUNTIFS('Master Task List'!$G:$G,$A13,'Master Task List'!$I:$I,"Blocked") -> 9 | F13: =IFERROR(AVERAGEIFS('Master Task List'!$J:$J,'Master Task List'!$G:$G,$A13),0) -> 0.044444444 | G13: =COUNTIFS('Master Task List'!$G:$G,$A13,'Master Task List'!$I:$I,"Blocked") -> 1 | H13: =IFERROR($D13/$C13,0) -> 0
... A15: جواهر العصيمي | B15: Product | C15: =COUNTIF('Master Task List'!$G:$G,$A15) -> 6 | D15: =COUNTIFS('Master Task List'!$G:$G,$A15,'Master Task List'!$I:$I,"Completed") -> 0 | E15: =COUNTIFS('Master Task List'!$G:$G,$A15,'Master Task List'!$I:$I,"Not Started")+COUNTIFS('Master Task List'!$G:$G,$A15,'Master Task List'!$I:$I,"Planning")+COUNTIFS('Master Task List'!$G:$G,$A15,'Master Task List'!$I:$I,"Blocked") -> 6 | F15: =IFERROR(AVERAGEIFS('Master Task List'!$J:$J,'Master Task List'!$G:$G,$A15),0) -> 0 | G15: =COUNTIFS('Master Task List'!$G:$G,$A15,'Master Task List'!$I:$I,"Blocked") -> 0 | H15: =IFERROR($D15/$C15,0) -> 0

Sheet Weekly Report
A1: التقرير الأسبوعي — Weekly Report
B3: Week Start (Mon): | C3: =TODAY()-WEEKDAY(TODAY(),3) -> 46223 | D3: Week End (Today): | E3: =TODAY() -> 46229
B5: Metric | C5: Value
B6: Completed This Week | C6: =COUNTIFS('Master Task List'!$M:$M,">="&$C$3,'Master Task List'!$M:$M,"<="&$E$3) -> 0
B7: Started This Week | C7: =COUNTIFS('Master Task List'!$K:$K,">="&$C$3,'Master Task List'!$K:$K,"<="&$E$3) -> 4
B8: Upcoming (Next 7 Days) | C8: =COUNTIFS('Master Task List'!$K:$K,">"&$E$3,'Master Task List'!$K:$K,"<="&$E$3+7) -> 2
B9: Delayed / Overdue Tasks | C9: =SUM('Master Task List'!$S$2:$S$600) -> 12
B10: Critical Open Tasks | C10: =COUNTIFS('Master Task List'!$F:$F,"Critical",'Master Task List'!$I:$I,"<>Completed",'Master Task List'!$I:$I,"<>Cancelled") -> 4
B11: Upcoming Milestones (30 Days) | C11: =COUNTIFS(Milestones!$C:$C,">="&$E$3,Milestones!$C:$C,"<="&$E$3+30,Milestones!$D:$D,"<>Completed") -> 1
A13: ✅ اكتمل هذا الأسبوع — Completed This Week
B14: Task | C14: Module | D14: Owner | E14: Completion Date
A15: =IFERROR(SMALL('Master Task List'!$V$2:$V$600,1),"") | B15: =IF($A15="","",INDEX('Master Task List'!$D:$D,$A15)) | C15: =IF($A15="","",INDEX('Master Task List'!$B:$B,$A15)) | D15: =IF($A15="","",INDEX('Master Task List'!$G:$G,$A15)) | E15: =IF($A15="","",INDEX('Master Task List'!$M:$M,$A15))
A16: =IFERROR(SMALL('Master Task List'!$V$2:$V$600,2),"") | B16: =IF($A16="","",INDEX('Master Task List'!$D:$D,$A16)) | C16: =IF($A16="","",INDEX('Master Task List'!$B:$B,$A16)) | D16: =IF($A16="","",INDEX('Master Task List'!$G:$G,$A16)) | E16: =IF($A16="","",INDEX('Master Task List'!$M:$M,$A16))
A17: =IFERROR(SMALL('Master Task List'!$V$2:$V$600,3),"") | B17: =IF($A17="","",INDEX('Master Task List'!$D:$D,$A17)) | C17: =IF($A17="","",INDEX('Master Task List'!$B:$B,$A17)) | D17: =IF($A17="","",INDEX('Master Task List'!$G:$G,$A17)) | E17: =IF($A17="","",INDEX('Master Task List'!$M:$M,$A17))
A18: =IFERROR(SMALL('Master Task List'!$V$2:$V$600,4),"") | B18: =IF($A18="","",INDEX('Master Task List'!$D:$D,$A18)) | C18: =IF($A18="","",INDEX('Master Task List'!$B:$B,$A18)) | D18: =IF($A18="","",INDEX('Master Task List'!$G:$G,$A18)) | E18: =IF($A18="","",INDEX('Master Task List'!$M:$M,$A18))
A19: =IFERROR(SMALL('Master Task List'!$V$2:$V$600,5),"") | B19: =IF($A19="","",INDEX('Master Task List'!$D:$D,$A19)) | C19: =IF($A19="","",INDEX('Master Task List'!$B:$B,$A19)) | D19: =IF($A19="","",INDEX('Master Task List'!$G:$G,$A19)) | E19: =IF($A19="","",INDEX('Master Task List'!$M:$M,$A19))
A20: =IFERROR(SMALL('Master Task List'!$V$2:$V$600,6),"") | B20: =IF($A20="","",INDEX('Master Task List'!$D:$D,$A20)) | C20: =IF($A20="","",INDEX('Master Task List'!$B:$B,$A20)) | D20: =IF($A20="","",INDEX('Master Task List'!$G:$G,$A20)) | E20: =IF($A20="","",INDEX('Master Task List'!$M:$M,$A20))
A22: 🚨 حرج / متأخر — Critical & Overdue
B23: Task | C23: Module | D23: Owner | E23: Status
A24: =IFERROR(SMALL('Master Task List'!$W$2:$W$600,1),"") | B24: =IF($A24="","",INDEX('Master Task List'!$D:$D,$A24)) | C24: =IF($A24="","",INDEX('Master Task List'!$B:$B,$A24)) | D24: =IF($A24="","",INDEX('Master Task List'!$G:$G,$A24)) | E24: =IF($A24="","",INDEX('Master Task List'!$I:$I,$A24))
A25: =IFERROR(SMALL('Master Task List'!$W$2:$W$600,2),"") | B25: =IF($A25="","",INDEX('Master Task List'!$D:$D,$A25)) | C25: =IF($A25="","",INDEX('Master Task List'!$B:$B,$A25)) | D25: =IF($A25="","",INDEX('Master Task List'!$G:$G,$A25)) | E25: =IF($A25="","",INDEX('Master Task List'!$I:$I,$A25))
A26: =IFERROR(SMALL('Master Task List'!$W$2:$W$600,3),"") | B26: =IF($A26="","",INDEX('Master Task List'!$D:$D,$A26)) | C26: =IF($A26="","",INDEX('Master Task List'!$B:$B,$A26)) | D26: =IF($A26="","",INDEX('Master Task List'!$G:$G,$A26)) | E26: =IF($A26="","",INDEX('Master Task List'!$I:$I,$A26))
A27: =IFERROR(SMALL('Master Task List'!$W$2:$W$600,4),"") | B27: =IF($A27="","",INDEX('Master Task List'!$D:$D,$A27)) | C27: =IF($A27="","",INDEX('Master Task List'!$B:$B,$A27)) | D27: =IF($A27="","",INDEX('Master Task List'!$G:$G,$A27)) | E27: =IF($A27="","",INDEX('Master Task List'!$I:$I,$A27))
A28: =IFERROR(SMALL('Master Task List'!$W$2:$W$600,5),"") | B28: =IF($A28="","",INDEX('Master Task List'!$D:$D,$A28)) | C28: =IF($A28="","",INDEX('Master Task List'!$B:$B,$A28)) | D28: =IF($A28="","",INDEX('Master Task List'!$G:$G,$A28)) | E28: =IF($A28="","",INDEX('Master Task List'!$I:$I,$A28))
A29: =IFERROR(SMALL('Master Task List'!$W$2:$W$600,6),"") | B29: =IF($A29="","",INDEX('Master Task List'!$D:$D,$A29)) | C29: =IF($A29="","",INDEX('Master Task List'!$B:$B,$A29)) | D29: =IF($A29="","",INDEX('Master Task List'!$G:$G,$A29)) | E29: =IF($A29="","",INDEX('Master Task List'!$I:$I,$A29))
A31: 🎯 المعالم القادمة — Upcoming Milestones
B32: Milestone | C32: Target Date | D32: Owner | E32: Progress
A33: =IFERROR(SMALL(Milestones!$J$2:$J$9,1),"") -> 4 | B33: =IF($A33="","",INDEX(Milestones!$A:$A,$A33)) -> إصدار النسخة التجريبية الأولى (Alpha) | C33: =IF($A33="","",INDEX(Milestones!$C:$C,$A33)) -> 46249 | D33: =IF($A33="","",INDEX(Milestones!$E:$E,$A33)) -> فيصل المطيري | E33: =IF($A33="","",INDEX(Milestones!$F:$F,$A33)) -> 0.68333333
A34: =IFERROR(SMALL(Milestones!$J$2:$J$9,2),"") | B34: =IF($A34="","",INDEX(Milestones!$A:$A,$A34)) | C34: =IF($A34="","",INDEX(Milestones!$C:$C,$A34)) | D34: =IF($A34="","",INDEX(Milestones!$E:$E,$A34)) | E34: =IF($A34="","",INDEX(Milestones!$F:$F,$A34))
A35: =IFERROR(SMALL(Milestones!$J$2:$J$9,3),"") | B35: =IF($A35="","",INDEX(Milestones!$A:$A,$A35)) | C35: =IF($A35="","",INDEX(Milestones!$C:$C,$A35)) | D35: =IF($A35="","",INDEX(Milestones!$E:$E,$A35)) | E35: =IF($A35="","",INDEX(Milestones!$F:$F,$A35))
A36: =IFERROR(SMALL(Milestones!$J$2:$J$9,4),"") | B36: =IF($A36="","",INDEX(Milestones!$A:$A,$A36)) | C36: =IF($A36="","",INDEX(Milestones!$C:$C,$A36)) | D36: =IF($A36="","",INDEX(Milestones!$E:$E,$A36)) | E36: =IF($A36="","",INDEX(Milestones!$F:$F,$A36))
A37: =IFERROR(SMALL(Milestones!$J$2:$J$9,5),"") | B37: =IF($A37="","",INDEX(Milestones!$A:$A,$A37)) | C37: =IF($A37="","",INDEX(Milestones!$C:$C,$A37)) | D37: =IF($A37="","",INDEX(Milestones!$E:$E,$A37)) | E37: =IF($A37="","",INDEX(Milestones!$F:$F,$A37))
A39: ⚠️ أهم المخاطر — Top Risks
B40: Risk | C40: Severity | D40: Owner | E40: Status
A41: =IFERROR(LARGE('Risk Register'!$H$2:$H$11,1),"") -> 20.000998 | B41: =IF($A41="","",INDEX('Risk Register'!$A:$A,MATCH($A41,'Risk Register'!$H:$H,0))) -> تأخر تكامل الأنظمة مع الموردين الخارجيين للتحقق من الضمانات | C41: =IF($A41="","",INDEX('Risk Register'!$D:$D,MATCH($A41,'Risk Register'!$H:$H,0))) -> 20 | D41: =IF($A41="","",INDEX('Risk Register'!$F:$F,MATCH($A41,'Risk Register'!$H:$H,0))) -> خالد الغامدي | E41: =IF($A41="","",INDEX('Risk Register'!$G:$G,MATCH($A41,'Risk Register'!$H:$H,0))) -> Open
A42: =IFERROR(LARGE('Risk Register'!$H$2:$H$11,2),"") -> 12.000997 | B42: =IF($A42="","",INDEX('Risk Register'!$A:$A,MATCH($A42,'Risk Register'!$H:$H,0))) -> نقص بيانات تدريب نموذج الذكاء الاصطناعي (OCR) | C42: =IF($A42="","",INDEX('Risk Register'!$D:$D,MATCH($A42,'Risk Register'!$H:$H,0))) -> 12 | D42: =IF($A42="","",INDEX('Risk Register'!$F:$F,MATCH($A42,'Risk Register'!$H:$H,0))) -> منيرة القرني | E42: =IF($A42="","",INDEX('Risk Register'!$G:$G,MATCH($A42,'Risk Register'!$H:$H,0))) -> Open
A43: =IFERROR(LARGE('Risk Register'!$H$2:$H$11,3),"") -> 12.000995 | B43: =IF($A43="","",INDEX('Risk Register'!$A:$A,MATCH($A43,'Risk Register'!$H:$H,0))) -> تأخر اعتماد التوافق مع نظام حماية البيانات الشخصية | C43: =IF($A43="","",INDEX('Risk Register'!$D:$D,MATCH($A43,'Risk Register'!$H:$H,0))) -> 12 | D43: =IF($A43="","",INDEX('Risk Register'!$F:$F,MATCH($A43,'Risk Register'!$H:$H,0))) -> ياسر الأحمدي | E43: =IF($A43="","",INDEX('Risk Register'!$G:$G,MATCH($A43,'Risk Register'!$H:$H,0))) -> Open

Sheet Roadmap
A1: خارطة طريق ضماناتي — Damanaty Product Roadmap
B2: Quarter grouping reflects planned sequencing; Quarter/Progress columns are formula-driven from Master Task List.
B4: Q1 2026 (6 modules)
